String,Count
EePnRqV4Q2VEHp5nPADqeGKcfPMFmnhDW1Ln9LKsTzWQ,132
AviSt4kCQb81mYbNdWnYUMHxCWLuzmP8xzjA2oHSKmkJ,109
FhvjfcGnp6wYhNajyPLwYR5ju1v7PtjPYiSeUskabYss,104
HFPaT6WKk9SkwtYVZ5m5Sqw7ZbyehGu9GHjsctigm49S,96
5JQZpgEBqg9QUHJ9qH8eibJ43nXrQxkvsGWtBtxXSe8r,91
2cptys9A8Hy8bnnFFviiCpb5BR5ahXVZrF41D1pocQCo,90
J9kw5WtEsJw4bkKz78JAaea1YwQ6THZYLvAQfqAJJXJi,58
AhZa2cqqUFQnCXNjDupX96qk4NkqTuUhuQKvavJ3buqk,57
64aynndyDZtBuUrUi3JMfFqVi9KWxYr6aX1RfmmVvtbb,57
AhFJ17wRz92LuJhmFNJrDXDZe1X9sekVfrUdpcbGZJjm,56
78RqjjpytPqf94zS1BQe9Q81K2YEnD2ZxTXUnfru81iy,56
5ozupSFqgmEhMxJb5jFZE85vS8Ct3MCVgNHDJUR9rgEf,51
fb69eGeSoNP3wSxdnTrbUufcJVqCcRe3LpdnG3WeZsT,50
Cn3Fg8bhXoyAT8EZvuV4MxLBmCSP9rrMFiCWm9cMFTef,48
EYvPkwXdUUsF9xUbKAA53Gt2q4W4ktXPXcXdfCBFbDSM,47
QFDzaVq6pfJYe6hCUAkw3ybotA7RqEAfssn766SiXLb,47
EpAKFgLFDaBsNvdeddxryoCy3uzqz9HTjSthw1k58h7k,44
GNDioYDPHsL4LfadMPxEA3u5guBqDiSgRsoCQrs7GuKo,37
9iV3M3t4PGkrVzFWeKUMg3UEPgt3eVKUt6C3sWUMrZYy,36
B8Vuav1tHCe8tS33rGkf7VJEmWTg4DyppbmNg6xK7yiM,34
6vWqepbRFdL79qwkPjs6V6RzHB1JW7S5F4AJr8hsLLFk,32
3wT8tbkGXGZyk7wmCwmXUQLerjHD6yDtnkPCUAkDpvhC,32
ABGLAB5UQ4oeyVH61RkFkxP9R5LY3iDQFBrDSiP86Tzc,31
GAdN4stJMWM843WxvADkWgXjM7Bc9xYxqaruLyViv8ne,31
A1vFPmFspoSmXgUy2dEdxvAZDLf2MjnKtTASa4a2CxoV,30
TGPDuarmJ1R6mB1EWxSmu5uHkPeqaqBy319K3WosyW9,29
3fiTj9Y9pSAgSwkoXDXWkVXdhaFnCaDRZANDeTDDKem8,29
5cUG9zagDetsvM4oqBGKhABRaNoRDoQSLs8AyXm2Hrm3,28
2vMbPgHrSso5BnXxkQ9wAHg4WE7BL8QMT4U8Dn4C3jvg,28
DMduoc2EYmBd4gMwjLCoQhQYNkM2riM1uF4FK38R8H9k,28
CYtVNgrg3cHi18FnLb1RhtEGcs2i1D2bPG7gLYNUknSC,26
4k52Qx5vN6Bb4YTtR1jUpygrxKWx2NvT4CKKnxHxfEML,26
2X7qjY7uYdtnniKWpmnwGzTWCSvgYwmpFrszopFpf5ZK,25
Fj6NJzHofwfYJ1DEZ4WupMfRe79g7jTCRcKY3zocSvoe,25
2cuRwBX7QTfNB5553hLT9VS25Tpa547XCWY14BShG35v,24
BGoYsU5cSXyDuEd6Gq6gnKEKHQmr745nD5GDCLxTmBML,24
3GHmy5h5KF2JSQvses8VZX79UFxepfhGz4Rm5uhCToSH,24
444odxXJyzR48iwYJuJeuNGha3PJSrRWS4sajjeire5H,22
GBJbNF6fmYChQhTbhRZke8eM3DVhL6JSZYpKBT7NDzEe,22
6x9Y3rqABpo7bRHWPhvgqNHBXUsR4t16HuYwGtWXHNvB,22
FAxy8bgDk5fpBDVspyJW1c1LpCAdxPc9dxxfyoftHkrj,21
EfcUax58mfAwk8hEpdgYZbCMEhyHhKX6Qy7vzcvEbfqV,21
2QUSBD5LmpQp94GPjynQ5khyKb5jGtLT7hBvVyVgCM86,21
CsKZ7fhyu2ESPbUWBezwBpyfxYZbQgoP3PohTKSPk7SU,21
86TPtiyuHz5bPusqT6qG58Dj6e1X9AYuitZjTaXtRAdy,21
Fe5xkXbvbHHs1XE141Bu56ENcN4WnWt5sq3FRuMY7EFt,20
9B1o4EXNac3nXmNLgicsSZtf8jwzUVeRCi4RUxBuCehC,20
DZXBgw9Siy7eF1aZD75sjuHEhsLxtPD5BGTr8ujCbnxa,20
EuuN1sKvasCnsEm23iKBxFQFLgt3LeyVidiVcMnSoqcd,20
AtM16WxSX8tnUdNBmTMGB6g9tvdvmuufz4trNnf7K76z,19
BFSLAYAzXrVs4kX3Lyk17EVw9afg3kVx17AyWTNHPrgT,19
DKMZpd8UivUKkAfNdPSieqprc14SHfftHunMTGD3ngTe,19
GKWJXvuFcZaWXmARtUegKbwQAkJ5rrtHfXa7vcxLzdQJ,18
4UqgZF8t6wYvveye5wFDP3VPYEGv4rUYS334jRE5HDYE,18
D2awt5GkHM8srUuGizNfLhbZaG3VR6NBbE5QGX5DKGB4,18
27XrWo6pacmMiv1oRohS7hz2uN7aJpR2myeaVrY5Jbur,18
5URAzdRen35oNBUd6BKAyjdadwhAgFDxyx5NkHNm4Tsj,17
7PZJEWZ5b3g5NQ8VKEK2oMoHD6CmCj57piFq9HYaWkEE,17
47zQUX5vGaHKzHSmzsTEsQnjDbYS7pRCQL6QHYwR4fs7,17
ATc4ufi1Fg8Z7TMxNuXPxEmdsn6Fv9xo46fmH2WTMgGA,17
TwXSup66FoMGQpsDcB2TVBZmgXAA6cYGoLKMQXAxAc1,17
9QMxLotipTVSHkNFdi1Z6va6PhB2VLC5r2sSeAWGbCEc,16
CNPLd5BT3o8UVRH8AxRML8cTpHgJ5V5vMryoZYKzL2us,16
Agtkf1ZL2Sa25ZcksYTk4HvXjSVjfmSm7p5CvKJYQAtr,16
GCnCesT48KscB92StroDGi5EoAL1Vuq8Jr9cS9RSEtRg,16
B9cMjZPLnJyMWoHNFnutfTqsygABJfve12yrf7WneHqz,15
9TdEtjkMN4gXn2bY8rmqLcjbYHBoJ1bDJoCSpvsRnVWH,15
21FYUV745EUGe52YJt2CfawsctCkA8UpoPwWmWaAR1WW,15
Hy6UsYB6BMDmyMw6kFh44QWwM4LgLLvgurHAKb5rjjed,15
41rEGMrV7Eiy55akGzLEcMsuEFiPt4fhTo4AUCQJuHay,15
DJqBpEZrZBnbTwSCxuRwsb91fpG534WmFeDJZyag4d53,14
4WtbRxxjc8sKvzrMWoHBKsEdizDVzYZDAKNAVWiv4HAg,14
9tecdrpZssxKuTYajjUtqor5q7SJoDozeHecfYZZcwUK,14
21TdkbZMS9uguW7FPirPWqrbKmzMmvpM9AKkADc5K1Da,14
2cpwhd884FqArhmJoVy54ptZev6ak3uyFZGivX1stEzm,14
5nsavEMHFHXHkxmZBzHkP4dX3FB3K7jhkqMPYPKCs9eV,14
6asMmzbUNCKP23xQNBuVwH1kmCN57Jip1pBRvToo19dK,13
47rESDoxvvAve8iyJPPX5NcE8451PNfTLB2fngfKdbxq,13
HcQFRMX76VmDBtpbRBUmBuWFpwZJko6EKZcgu8ZzJN3L,13
Emn9ieNG4zhxF9EDDBrUxE5rWfw2NFihCynMYSE1fdg9,13
BYgzCx8FpeW9i8k7RHYa5Wsb6aRWPVTU8sGyLF4hV7u3,13
6xiCbndjQwrM597DbpdDrceAb1KkU9fDfPQj6sWa77Pc,12
GBGndMCztzPcXEjhBqeS5SfT4vF9gm8yyecRBxxqBFeB,12
9a2oQDKPXtVLguV475Nko6s7dG8KuSuphTYrdpVk5xae,12
GrULFesgvmEnN2tszE1ZUMahgrWSvCn94ZbGoaR32Xzr,12
5uXfWXKgwdzzWMGXF6Pwmuz2Yy9drtkCCV8ywjLyEijL,12
Dhe1CVjXj4uf1dMNkNKpwi9qetsL4HvubFxhKCeyUG58,12
BFueewMjQFs2kK4MjwnnQUnNA4C6zFeVzCmR6YsTpjPG,12
8YipBFpgGmDN94jhESeRbiwajPjA21kJ6VZnJoehoeXi,12
EdEpT4YRbzoACZDrUAf2evShaZMT3CfAoNoXAzFCiumc,12
7CfKCLC9kJfMDPh1g6gBjfLQJyPepFLSqZUJTAjBChtA,11
mybzTFgUafinQxGrWxV3Hb8kvA2XcVaCgbsghhbcTcx,11
HwMidRXg83Vh5ZUVmJy5cxKak1DojQ9gZYDi19au4yc6,11
F67byQpnvWCBj6oKQCG6NnEBAFpCNBnH1pfXDSrqskKV,11
C1bb62mFGzNQyS8muAeUrgjGpQjxEv5TQ81iG2s2kKWH,11
GTpkVaMKFf3jgZJA4JZwNxY925gxwJX9CsGhUQXscQEu,11
9jBd44MP3AnuL8Bpmxq8jTL542HKtAPRaAgseKT3CiPL,11
4VMRHBgRcmSJyuNsgmsqbuwmytYJL5G1YqQpjEwjQivc,11
CZXkxX5MBSvbk5nKBko9PL5r4A5AmhPKgbGz38CvHfQf,11
F9Lvf1bY9VbgvbY8BTFf3p8C4GB2EPkRFQSVwqKRVpEd,11
8medCxhz8aK8oY7yLRSfVNmzidtUYD5y3c1o6h96GoqB,11
Krd7JsbFBcTG2ojMgCRutJGJFxboo3DPAGBNYuVUa8b,11
7qCvM6dCLUybph9F2RD5t76LSNXHRRzr1UmVoZWbSaJX,10
CoFjjrXyT5Jjmg4ZajhmHXaykcSgJ1Q15K4HY4jMpnbn,10
HuzfPX98aFCcMqsRtgiiEJsvVmwUM8xLyErpJgzf9yE6,10
3d5nnMvMjt3RUTtyJ9Qpjc6dw8KQTNnkEP7Zkknaqa7W,10
999AbxgQ1PevUbfZhmsAWWHgG4WsiRAtSu6Tn19rutv7,10
2v1Lfirrc9br2tFeBZaWeKpYhHpB74LtnvvEaUysLjrZ,10
8QvXMUU494K7AwRLtwNh6twRy6WYXmrgSrNZbYhdMnPU,10
4vSqvznfQckMKeG2R6vCAvuDV5PmHvLvnR8MeuurujrJ,10
FQSa9iFseGEg9xJgRubCGPL2LZKaHhRvXJEBDTcx9aV3,10
2t622e3ghMYUFGXzrgeiEhL4XW39zX4rSZJoZeB46cFT,10
H5VYRyWNgaGEwAKXmya2J9fUa3Ai6zhNAUTh5rzUm1o,10
G3mxSvzEdjxAeHdjY9S8Qk2V5hF9MJ3nj2jPHyDy3hzP,10
9nKU5NtV3JpLL3oSzriwZ9bXquKaUDS75pfpLmBKS4Q1,10
9bGgUYczJsvoqXopsgEEcrMWsZygACnZtDxXLb31YcEL,10
3WtcuP3gLmhnpR3r1GGQ7pg3hE2KybjrjEchfcfxayC3,10
B75EkcfVNtj7VraWKxazcr8xRsjkXTZFidAuPh6kwc5o,10
CQYjfkCmmj7HdNUbt1cAd51eSzUCcosyFGEFFxaH9Fhx,10
GQ4PQEKKTQQEwbQ4i4r6YopbP2X6GPWwuyGWZm2n3C5j,10
67JgSAJS4u7TzKhUunmbGwvPHK4BcDwv73BS2Am28Yvj,10
3hgbmDNZc3Hh11k5cx9xqcRtvRhMCLgWrrN6KrGTG6Eb,10
apexnLm9dqh6oRLJnR4L8H8yaanQLzw4kZf9A3ZyJJo,10
3ocZkDa8x7wFbcwjRfCFgCVQafhE5STSqZRKWF7oAW2v,10
2rktGcxfybJkRQDuMZFnk7dWohb3GpebzYffygedbY47,10
2UyHw9vVsCUQtwkPwDUEB9hp3zwiDKv4b2u1u9GRVeUB,10
52KzSVpYKpeviDFSQGTn8vDQzxf8pRHornYMoi7hKqvs,9
5chhHMDtKJSMufZGynWLFamNLvuH1zLsdYkfbwADURNJ,9
GdDcnyyP92Q7pYp5BJHRNQTrfqrcqAaxN2sKNfEGrkWV,9
8zQ9kEL6oVZmoXM5C2gW7vgz8qmG47N7Em2Y8ARf4ZeJ,9
HFyLZPi4Y6c3SAwCXptzsU19vQek8ojizdDvDsEuy526,9
2uhDFgUM6in3wscEPDh1VcqUxn4mVpicYma8sWosWptS,9
E3yssku228WBd6PyJFWmtuqM2NuitTcDNBLjYTggsdux,9
5wCaXtPRt2HudC37RF5UM3K1iXaMirV7EXYdUPunnq2j,9
9nzXbTcjUZiQi5iWKFEBRFdCQLoWHvFZqEsoDN8aurCn,9
3GmxbdM98scB58L5ftmwZs9jiMpJg67KmUjMTTxKxx4m,9
4RTgxY1PXX3XFnWDZEpN6iWdmTorifk5BFKKaG2zryJe,9
Dg9cTGxuWbKaNxRnLYywMiRvfxBsDcDfGEikhiZX6Kre,9
CA4jJw73eFxcfnPfYSURLdTj1nbotKEFRY2NgE9P5HPR,9
FHrvFurq8xUqCoMKrGZfpyDtusNYWRzH4thb2Mvvxim,9
FETUqB1if4Q8TN25GZksuw3vYrTyJk3deibKUR7VzXA8,9
32kRoQXxpFpuXo3VPz2rQKFHJKbtGMFmspuUkeQbVHNh,9
5o4x9HNsXUdaigZTi8RPkgoEj755S79FPDdvkDnq8gg6,9
HtXuYvqtJbuwhD9shZEJo9KbdjJzAmRNpVKTyHdpRPiT,9
7ALqfWWLmNgiBASJzdoSY3z5K5AWURYTyfXmztWpr3yL,9
DW7ao32GiQxnqqsqawLZcwE9YME8XmnTT8gx3og7ZLYZ,9
FPcBd2wAhcyiKPVDYAuyHHNyZwoS5pJP9ocwUESxruMy,9
jccEoR8EZfkPsN7LqD2kEhq5vEXnbHxbB9UjGQVYDXk,8
54kvFfjKv8aGtAUB34qkPd3Tm6VtpvcNTT6VEk6Xxao6,8
hh1ndnz8yRNPuGVvMToarHG4wUcTQoYMkBdyWGmMYiG,8
GDe9veLZgnSZzb2aryCqVrJgbpjPNp6xaV7o5fDDF3QF,8
8MevhUtJ5j4ueNiY4r9gkMtkaLyeT4HzGQwUoT9W1d52,8
F1xCjZMo6F7DcBMayM2bw4NsQRfM8mUREAM73f1JYWEg,8
8f9gKiBrYCCTqkhsurTa9fSAuB4KC8Q3Zp51wcfjC22A,8
5GiNb4UyFgB4ZbQtS1FG45zAsj7F6Zuej62errm8ueXA,8
87YUsMUGFqbugiU5QU7mavfnSoMtZQLxZWJi8tPCxUD,8
D6LpEgQJCV6ZU4yUFSJBHQ27JafABfhNQmTJ8ixn9MYf,8
WN3bN2vHHthDEXBMpZWD8eHEeHygLbnCXMD9eX8u8mP,8
EH3BvwhzA9tatT8nYS9x53m1e48Snjm5WHgnuiAEgCFK,8
CXTJhj2pvNJEBMrKoYTisv3r1SCqqqkGsUegHDMJ2hr6,8
HNg1qMN5kATvoQSjiD5mXk4WELV4vjnXZ13YqW24MzPC,8
GKdgX3ZjtUT7jkv2uj2Xbvp8oyNdNBDvApYeZN63Dap3,8
A9dPEdiMfgdn1tG7n3YBVYvjsRyXTocaMamAphyZFob3,8
EFLAFzCWVpKfYCDy8FnCkJFzB3D1gn2xcbPoSccZgSDh,8
HJbXTzASfZ4Zcpa7NsDaCsKcEZfqK8HBpVr6foo3rjuW,8
C4fbP1RRsWTWYGShw1A9g41trYGDqcSaws38cEgCmUKG,8
C5Q5TXuWmBBeCLEZK6L3jBqwodAPH5doM9YR1LDrCuuk,8
3i91b1PWR2qRrqnFPUaNyHM7a7bASfJGxXwWD6bqy1Ca,8
6c3Fa1LWY1CQLeBXHiJzk2q1ToHRb8oPYhbD2yahovzE,8
9HBds8mKYxcFist2oEqfwUTsJhdA5nwhndjmjaMphzDg,8
8jYCdHy496cMfGgjhBnrARfVsZARBtWV1gcq4DvKQr1H,8
FaTUYBZXUTPEyscs14mbgqpkjdbdjh8iCtW8yCi8RFYM,8
E1P7RX4WA2q7MPbTtMZVmsdD9W1hW4xDEiPWvo5XXSWs,8
5s7my2MtEsmWSwtmFL6mtUNSM72X9tBkFV5Jmut783KR,8
AL4JR8gMx8W2m773JUB38n1mUiMESYsA3kpcgkzjMQQ4,8
ABj6fqoRMjwamfQB1P6G8SNzc22uQ3GXanDTDQtxZQPh,8
3pnH4d58DNtx4Hxwvm22Lsz7d8WbrniSgxJuivAwiVjp,8
FaoK52i4wN7eRdYGLpHSVZeHcuydkFKQ4s9jLUVE2Aa6,8
BCAX7T6xMFfENtbNReEb2Fhq3WukbaZnyRChMeANrG8n,8
CqyTky6NXtnthXQcpqfsRgzpCDpoGaH7bz5o8nQZFeUj,8
5J2kNap6PgNCZLkpy9EW31uzp4DbiACq3querZL8KeqN,7
66ZUVrBZrEgdEqXkhUgSvE5HrV1gmvjRL5hWfVLDGwxP,7
Fu83RVFqSCi69qQESobZq1Gomq2a8RM1dJxmbDmc3Sis,7
Cu3wqb5zQ6jYd9eNBwK7W79KezrEyEsAeH9VNoKJWkGJ,7
2iAngwK4YxudnwTixy8oNFNA8bF4xXhWeF69aESH14vF,7
5Kg4p3rsk7fymreajXSReV61BirQTWSwDTtPAuffjNAL,7
4TTeUJPRKL6vPj94MpnBbhxrnX3ZZkBdofS5GE7NQxpt,7
8dQgxuj64mJ4fHMSEK8djPrNu1CR5rf3Z7ze4DnvJ2cJ,7
2qyC5e7orGiDexcALJ76J8MCnwgPWS1dFFCbbzrFvsep,7
CMSGofT8yeCd8K9dyrapADZCN85ghBU2znN8QqZfDDKN,7
G14pZL3RUstQGFNyuyUq7S98f5mGgHDJ8Qoh5F8njVnY,7
9kWHD1tutnNgLhUKRVvN1iHnVfYAYXB8s4T5DyCFpama,7
GLApctrm4zX1NZ6ce9tQopFXkikdFshJQBWh9acdK72u,7
3LvKbbBtiwU3cMNm8a6HnaJ8pWmaLzNindtY7CthYarC,7
E5GFXx5mJHLX5KZvCcEyHMuzYEdY9N5V7QCZ8KVYc7o8,7
HZQjX6hp4TF2ewTvQPfLPf7zVMtW9e59dUNdyyn5R3aH,7
5Hp4DPLFqDxcmbsVQ82Mrx29RAVMSbbjaJvoUnoy3Yub,7
2fxcoGFFemcv2E9ZHqW2j15cUmGju3H3BPAtCMP5L83V,7
BSmsokJ1k3huFacCZDAMieZnBLpXxguhJ7PCxH53UAKR,7
7tuPt1qCaMSwGKU2NFq36xGgmoG3MsZUHpchDDhLU89s,7
FiuxpSuuyHBejNMMft2rUHFTeWiDuGqwmqWyHXoPsMye,7
DJppwr1tdiV1yqE9b7e31vVikr7BXi8rvVWQDbgmY4yc,7
f1f1KxKNpu57cf4BnUDDaSUEjQKd2ZWhQC6NBpcYA7X,7
GSDyBesrHhqkR4e4wtCeJ1ZgoLveJjGr966wZ9WYK2RY,7
7azqm8HWqiqZPrcgWoBbtNc9HykxpzK5zGTuiJXkpzNZ,7
59a3MHPEv3J12579Qqo1RWBQFrFFP3QrpwTDS8sXGfM9,7
5PHA9C2kEeXy8JuvJ6LWC9eX8eFFwWXSNtG5xzzJPPUo,7
DxCH1ZMB2UDAgrDihRocav3FM9QJ6Hwwu4U79MK8U1gG,7
9rN6H6CFCnWvXFDki1VNqK2aJiLq6RuZRT43MksVD9ev,6
Ex3XufUxokp25VU36MEmZnd94QeggekVvpBuRydBTsmq,6
E8wgsQUjR6omfqcFBbrYrppAVH9RPryUHKNcmZAGFeAs,6
FXCNuztehtxaEMLCdTpRZbS9V7SJuB6SkyJPwui8GGbE,6
EWKjKax3SHrsvzQYLUbbthS8zkRnQ5z33WkhaJHRighp,6
63vKL9Gj8oNeqceoPyCEL6at2xB9zcXFQgTYK8oXX14F,6
7mENxwTuGnTv7Y7TxnYw1dhFkRCJw6dytKnP7cjxmSpU,6
3R9ndNL239W65ZHHMmPTMwQr7LQaxN2HGocYtc7ck4LX,6
DGprmxXFyEt5JsssMLQ8TjM1r7fw9QVf7oJzgNqyAuPd,6
CiXG1eXJTDHtLuQEeQgWgoTku58hguUVqcLJEepUKMzu,6
Dn6yLh33B8N9XNyZAcT2jeMWY1kEEN8bK8yhDWd958kC,6
6i1a9AESRi8oZurxoLV7XduUq3uxx6EXWY3MKwtDaStz,6
8EBziqM7TRVyGnVMGx3nDvn5J2oRJ3eqg3my9vGNScS2,6
42jiincUgAzdpcHLLW9MFUtLbwrojTFUWaC1ZeizB4vF,6
ifkwdU1o7cTLEHRCymbJpKycBonFFvmdH8QGDGTLPgE,6
CGTq5qEw58trL1fL6NWjta4VehsepFrG5Y3E9xQiqqM2,6
DVfk3X3Rjz6BDdBAe3BnNUneRUMGiQvvxuuQMyyBqW64,6
CrttnsDen2chtgXqgob6DvZd5Cqn4qYK6EkA822ZdFzB,6
CZNhqrGNRAfMzJ8RivysgaD85P9LtqG7HJqFpbdjZaM3,6
2MYsQ2QqFEeHYi7AWmJNPur9tA6uLixih453smqhXfMt,6
Gznx9BKQF2ZLKmQcemfbDTKU96VmRhudUKGDisWyAHQV,6
C5apL7d2Hk4wcEEAgfQaNEVpUi6ET487EGqgzbZ2JFQ,6
9ZEJ5SsY25EwCp4kbKaZtFCw2VpGncGpjNYTht7ajzda,6
7DtHhWvHhghM8tjACtB5dd8ePXAtHWACoW4ZqrZG3bXR,6
J6M3qpiUzx2LPFCNn1HFQSueLN83nScsmwgjaL1h4MLW,6
H6sAyxKR7CEabk6Ex43ETsYHnyWHbfj7M7T12xcgCQ6o,6
7ZgTMA5nzH8tV9m8fQeeUyD4uPfaUsA46fHFDS9kPZ1e,6
DJbv6BZr4mxyjinPVs6v2XbXwWmhQ9DWWVoU2B9ZDvgf,6
E1N5kN2ZiSwjPfbyu79HTwJCzf8WsF8uNqg9NJM54XrY,6
HroK1KeC4b7dKyaFmdrvDSNAa36aRi1b7mM8hNnw4XXL,6
6ngcCPgL6mSLnKwin31iXjmmC37JhWaiH39dc4JqmgWo,6
8qruhT4Ei1uHSoP2Q6Ab4kt66JQERcS6yjn1jKf7TPYL,6
G8GZQeMTWghd2gMWhZqqWBdFqM9n4UHgJBk6up88Z83G,6
93oN5TqUigzWUyGLzKtnMbk2rhxrgKFSXH7fSUUHzTc5,6
6uELewxnQSC6CQ6Hjzv4QALkb9TosaC51qAAJYa3S3X6,6
6K2Z4uZd1twH7fDeEr9fjnN6MHULEto5SpRkFrLp7Fqh,6
BK29sb48TgRUSdytFTgSYGD3CjqH1h6HVftaEAZrwXfA,6
ToVhCqzyMeJ7PMnvrz71AurRG9vkkqZpphKs2hoNvm5,6
2F9FCRTGRTjduUbkXTSraprrM2epWcPNTj56ztNqED5U,6
8tEGEg48aQAPLcNRbBSHJYARqLVspDxCJytzqAW3C4aw,6
HvtzpALe8atDUW2krAjcHc75C4AvGpjxjH9pTy9SHhJJ,6
JLHAg2FnDdTuwjfE4kAbQtu61R69m6NVjicuZFtP4xq,6
3pa59otYj66um9i23iz8fnTZyCPnwB9TaSwBJEcmAyu9,6
8VhEPAyzFqAcjSJVaK5qM62CncV5LpRedhF2Vb6JauJQ,6
AFro6PGXoqEZTH9ySHuTQ2B21zHWxHJoFjfzJdMV4387,6
4ZbZ6L2wGxUurD6uBjcrCZMfLmvJ9SqzsSVL2A4Yu64d,6
2VqEivkMz9z8irhHoVe4qEPPGEdu9JNFk2SutBDKege7,6
3bqw9y2v5VDph2jP91z8xyaz3ubqmvmYnA21q8LypZne,6
8Yu4o6GPtpGudVQmctGyg3R6mtb9iiJCDk216HYXhVDG,6
5d4QEkbEtSfBHcCXryh31HzbMuo8ToUjmGJ8QdvYxq4E,6
76FyigyCosgH7RC4zBHqJtVn1jD9iAQ3WvxBxX7yNF8x,6
9ZPP7NK5FJyr5AVQkysENv5i1H9PG9sMU4Q6U5z1ww6P,6
Do3KHZHFPYVeHLyzUXatszRd2FYFpHaqefqCZo1NpjSF,6
6XMyr1dfi5hnUkPiBANsXDsPgY3bEoLJUBYMmUKKtRqa,5
HDKnHyCaMVWpZ6XuPViUVToncBirQ9JLRBRWfJ1tvpMZ,5
Du1x1mLgmo6mqK5vFKGFBNnpJbZvXdQWdyNPiJHsWeB6,5
6KTx1hm4ZgEoKCqkKLGspjAQrg3YVixfPvYywjzhQajF,5
8huP7VsrvP1g2jQxPUuRRyCJx2HBLmLTNxMH5RjyVxTa,5
8kKeangKSm37UHpUfNTvECGAsxnkATYgXGNLnBtQpUBS,5
Brynpwtfb3XkZXFf2TgpGxPVFiwQvt97i86pxERA3zsM,5
HNbcMB8wmCZs6wgSxXVu2ZNLbVxJztmaSP3DPd7vfKTb,5
4qifnmHmDytXEXjPcVEyrFSLLgGbP9MB9xtYaEbmDtc9,5
5P8ePoA18FXdMqQ5ggHcPbKVZ2zWEkMSyxvau7MJShtj,5
HjHYrXD7Q5SkHmkQwDn3SpxQqSMtUchLgKDiX7oeogsq,5
GmQM1mPAMVnTauqa8M8qiJBhvffNEA9gGVvG4i7gjETA,5
QUF7YowDdvXXi2HjjM7YzCkTCgMjdbqKL4SkN89TjYm,5
77HrB7DQ1Z5FrvRxfj5bdB2nJN5QrtZ9U8WyWg3sEBP5,5
Eg1jJj5A3UJm5BTimPAvhYF3fNhsWzyi42V3vHAjAUVp,5
8EdSN8M7dtFpu7jKFETPb2jzmFgqiuwCYVVE3tvPgdVF,5
ASoEDnZydVtTJ8gSsNiNTXBQ2C1RAcj8LbjGSzJPNZxP,5
2LJj2W4t5FsqPKJG1zeFbquk5nFTpKyLQxRaUJ6c6URr,5
F9w3VyfxvYpwjKg3L5Kf24h52qA6vximEpW19hfnXd5N,5
3sjQgWQPdceMoWM34HSEJKj4Who5GXPkZxCevWMZm8aa,5
3997fNfQa2xwRYgfBFcWNx7Qo6K1kPeZ7PMn5PbYSEgD,5
2nPyGeoh7Y13pTrKr82PbBSCKVzoG99sUyiRp47BQE9M,5
ErjdeUpDspUbicQ6jv8dNcVqAcKndAdaj5HM7oMJo5Qd,5
8ZdoT4wvm9RhU6o4uabibcHMm23Vu39atXnhs1zuyreZ,5
5iBaWt57Q1ZCVC4oDu6fEH3RVv94qoGmw9Nk5GPtWXgE,5
6BrUn7ri74UFRdnwkC4g8zwDcMV9b1DQpjgegVPzHK4e,5
Gg4R3Hzdeff4VAYiZoRpasNWRqcof2SkvhLivtMnrW3K,5
3NYPxJs3nwRuSuorfgVwQ16DMA1ggko7MwMEdoZGeVYk,5
JDG1DpSEfSfQiNjHrogVt5P6AXv4JP7NiGSJC787XT6L,5
BJwmXz7FdxFh3ULNar4YjBURUZ4KBxdteZTC6VzgQYnV,5
EWeEwkqLM2LhJU3Vq3CuwRnRjpZndP6ZWWWReZSHQung,5
FUKSr9j6NTCiWZfZeZXkbn8Cgku6LtjFkrEZoSU812Xi,5
5DryFWYYnwWfBboaSpaQvKteEsX6ESkuVixJWyHeniDQ,5
9DWsKXqivf87GKpuhiZnD75S1eniPuZKoVuxgr9Rm3UR,5
8cVTj4itd5d2R1NeyhCZBCWBgwMpknysq2FoihAey4ns,5
9uDdkQWKuKzbe95ajZ6XqY9EXzhu7uLzq4TQYb6nfmZw,5
9b1yRkmFCkCAbVtUWMFs9LsttGy9CpV5pTrHqMZ3G2rW,5
Df6jvtQBtkUXBNGtHHEawXEaWTQ8ybi44YdFLRUxVmR,5
5kmVAXiZ2AGo5Bx2Bctugw9Lxy8qm3bjrcG6BBrNUv8L,5
B58pNW5TXdvmsTftkcKnpeqUfGz7JgVUPxPwfiFPchtj,5
9KgtBCseSbnDy7Q1PhuAWGBmv4tNd4bgo4U9gVfHsUBc,5
EQxfjiA7SP5Rxgt3mL63QV2guYVYR3GQv9QJEfyNR1Lw,5
4TkJjtKCH9qcTS4TakRZBiZoz7qFasfomrnSWs5NazQk,5
6AGMWVs5yCBfYy5QrXkQwhDvdJUhs12Rd4oC2YR1JGUp,5
7PuuMSejsKR8SjT8poe4ucZRkjewRRvwrsXPCRZQSJrt,5
7Am1qdTrum8xYeJBZivwXwCG4dDtic5iWk7hLinmfses,5
Dpj9eawZRGrX7TPTgrar2rjKD8w9tjWL6DoyL5qoeuXs,5
7EsHPgGoZf5erLZLzG118omd9HNntwRn9tYBBGaFUkZT,5
7u3pZH5udpzvsm6iUnfc3ieikErn2R1enamrhY25Y5Tp,5
9XjM4D9rPuTEffPvQAfD9LCPthTW1APi4vRDFnZ1Ec3N,5
8hYxFkcGgeBN32atnLymRkEGP3uMYMz7tsZRWU1yezJg,5
E6XzSLwMDQH6uH6QkYVnneUBU21nAPqcKReepQHgWt4F,5
29vZCfTqVqKLTYbb2s1yNp2Sfmi3X8oVJurxwEYz3YG9,5
7CoR1f4WSDm3F3rFwPE4T2o93tbAmqFEfcxh4JMrgf5u,5
7do5j2ruqNP6JyrKBNohZhYVpobo45fAgDZaGGCC9vDw,5
T76vrgnrmtFqn6ijG5iMJiFp4zjySMSxbF1NV9pxXCn,5
HWUbTVRmZTMfyTehyfyRHn1211d8GhwJtHm7XLcfZLUE,5
5V9qPUYbCUPW1Mb2SNFnqo9N9MYVEWo8YHxcQbCeQK2R,5
HpFYy63CREo6xwtrjRAaZMs4FNrRc2NBu3eDXsTkvu2d,5
33mWcjRei5BTCu66rTXz6RubzDbvYQMiUUYhjKYHuLuC,5
3BCyfSrCYhJD6Jdd5vhevc313jCxvahvj3qv7B4T275N,5
8kSGa5bP93o9QhKnfpvu1mor5HgoV4W8mC7RLP9vaDi7,5
91PSpZ4XYpooTX4H9qogWGLQWuWGyT9TR1KzpC46LkRM,5
2kR6dPQSm6WGLmYqcQy5wVMF69UvedNcvbU1aL2CSYtd,5
6hiz787aRMhNevTFEaDsSmvHtFUsLARBBfqdunsUZGPW,5
EN59FqZYb1ygyeRug5a5ioiVb74EoRKbBiFV7Ypnb61M,5
J39K6U7Nh1kYYPmu5dstsFgNLLcdZNPvuCtd1oyvJE5L,5
3k9bWHwvPYy6kqz9gVACvM8LpJUMj4z3fYpEoK1GX46M,5
G6bfDikmBmntCLcLdFTQhZ2zhqcuWygDpgou2Nq8YqX1,5
BCHZQJXBnKmQcMMbiyixcixYUoKeXuGXJSdzQbTdsA8z,5
DbPEwNzhyRjtGf7XyY34ErtcLz14xtFFYfpL1JS7XzQg,5
7YPB4BSR13z8eDhtYHEa4XLZrg39Bes1fBMettEQtW3B,5
4npTVWZYvPL4azGEUiDEWQ7BtTZ6n6r9C2H34FgeheF5,5
ELNc5CFtWGT9ooAJbbEDN6bjhPYLRNNLL9D7iwn2TjMW,5
8sqQVJhw8eh8DDtsmnAprukxGEQMP5PZT4Y3iaun9mwN,5
G2i6H8hGzNadda843XrS3qqRAnMukQqY4a6jC9CKa8nR,5
GVKPWuzsXGvnaafWhtmCjGrHkFpqWH1yEyYkZbwZH84L,5
2cfmT3uwy16T2AqCDhu1MRhkaKB5eqt94TvoPxFT52qs,5
EPythf98Gui8AsPQ6u24HUt9viZbWGLwxBVG9oBgnPjP,5
9g6ZyJKPL66NL5xuAAUBY2Ncz92K3qvPXgebyPUk5YDo,4
D2MKWaTwkG7wa28C684wYi9BpgLvrZV4NPdDHaHbMY6K,4
GvZaDBNCpbRVx6o5LeKkrvTXxxYmPqqgWdnwxbvnYqZe,4
7KhfJNsHhNVBa9BqPe8pnHGNujuZck9gxkQEjVnUYvwA,4
H5v8RKHpN5NK1Ahj6ECDSyvruCz3DxR92A2odu7mZL28,4
BGVnVbYNiwTC3oBF3FMoVbsQ3ofWz421tLGmoHu8FV6e,4
DzgGmEn5ef1JR7QWzTPQmcBZjnCgW9tvbpi74XFzcLwa,4
BKGjAmcqVZtT5Ky8WiVx997YvBfwUvh4JcEm8a6ZWZgg,4
Cau9szpcJggxdNNL9q2XJ4puRY4S97QSQTnuZ56A4qWB,4
GFexHU2EkUcmcKbj3GyiuNQoa7TreCxLkAxMb2xeLHgS,4
BPAdFWWNEf9tJ31HJ4gk1ay8Rp69ycr4nqLKKLpZ57PN,4
9vnPxJvSZdLK4whdYLkZoNyXsDjma1MXcPhao4wyF13G,4
BZ7137qL4p5VmuDwhrHbPtGvYYJQBHJ4rrzHYfaFBZsy,4
62WG4kVg2GicDTQoWyz55KNL2xgEE7R3zd8mv5FVWmZ2,4
97ojv2duFQxi318EQxs9oyoRZDQXY46FcwJvAJhjuf9Y,4
EijSRcTp9bWCxxSBHVHkrKzpUVg71yxhEwnM4PrWK5nF,4
8cMWuNmjfPFs2R2m3A7uzM4CPTFA5d2savEUeSRBGQ9x,4
Hci2Fue4oR34ica9Q5tDHihAFtVDRQLVrsscuPQdWkQH,4
FuTA1Z7mfd4AritG7obFr3kxFFBX6nn12B4ttu81aXxE,4
HSbdwa86DfFJf6rdoPonZnSWZbCuFf8PY2SpQKLsvUn,4
2g13fcQ982GLRddBJXfaLoFoyEC2EJ5SFkjrn4Wfpaic,4
FuDtiy7c6DkuGyFr2SpAv8Wh7eEHmBNBoskSMp2Yz4Xr,4
CqnG6odBMGUmxv9w91TAoLDF3TY7RvyzKM4EiDZUy4K2,4
H9bZkD8jjbHj9LqFhGrXGzZCxPku4879hbH2GwvCYvhA,4
2NBMovnHcZdhBjZUYsp6daM3yMGRgvkFArNVBrAdzj7q,4
M7hbij1JL7J3STQeX3KHG2VQfMwwwu35pJcPUexArZE,4
D5L7dNzQRMqhFvQHYP6xd365orDVLnwikYb1CCuyXemR,4
5no1h5BKCCmJUf5QZyqU2ckWYELX8Nb22BEfUzAuwn7P,4
2KcGeSN83h55phN4XUXoittKVZ95iJ2dYHf6RnPoN1tE,4
CDWyYTq1yaDVxwqVFFuRcXDj4VP5xHW7VTTdeQruyMw6,4
3aUf5ehvdWLHJj7URJrXSKQjRj1mA3eJKZmg678PcsuA,4
Anddiiuy3VRE7gx1gh6s9QZUz7dXzHcFb3fxyTppgSed,4
EihEHvRsFCGsGhhfNvy4vQJ8p8R1jYMSfvUK5DBQyypv,4
5soQNVrCbxqC7VpyXB7vQj3Yu2mTiMn2qycVoYhKMWGX,4
BkyKuBopoSdRsTiAN8RmDcYPjmv53XaEkv1TBLPnkzK8,4
B7FovJWkfsE4XjsWTWYnPqjpuSgDxZoPfXye7ktpDrzP,4
6iHf2wkKY4yqqyba9Nfdo4XX8RPMAgFxViDRdCzWp27o,4
NB5HXPAQBPZ4eCTnU4WsAQry4g7KVipf7RDfEJpYTFp,4
5xnQN9zjoXzwEXHkxE6zZk2VAYSnrpC59pUTbJ4UWMvx,4
6AarTFBzZdhoMv6ag7jU6ojJNgnPXGJV22Xfqw6gmsTv,4
FjR8pw78uWGF4s2gWRhyfXSXwQ5WETPPsLYZzeYgcw3h,4
Eonf9AVqfgUJztQ4ATd5EmQo4cko1bP89Vu5W9X7bs14,4
DiP6fpUJBefZUosQ3zv6FvmkhMcH6uQB728JMdeaGQVp,4
J5HbwhWXxGTevk3k5s49njkYxhJSc5HorMtodaRQ7GoD,4
Df6m6ASY2Wdc6G36XNU3hfjFhBjRKt4vqA6N6AnfEjLM,4
4DUQ5jgKUvGXoX1J2f6GALbjNw9Sm4yoW623i6X4yFH7,4
3sVZtMSLrcaRjHDbWy7hPrEBGSsmb9yfXpFMEjL9czGG,4
8LH3zsW6nv6JV6C3D4Yds69EP5bXiDTY8QGVHrqf9kEA,4
H5emzpaAX63BetZT7nEYUK5vLJGSRPvsFbQa3yAakHHb,4
AKVieiPYzVYVvF4pPbe19xMbkAiUppztanLKhW7wHVfs,4
2DHQfykNgMV7bDnycuydvYdJAD7sQv9P4U8Up2q8j7ZC,4
8uYXaVE9VoqMNG6FWMdF6iSfZi2VnhknNBt71vQUSxdt,4
3AjKUvmnFLXpJ9EyaWmnLvPoqs7zTLesSRFZ6DXDbrUB,4
7xWfc5GmpQKfqMAJ2S8cmRjGZgRLKKd4wkfLMzCdkTSA,4
AKaJfz5XM2pS6geqiGqwqwBagY4faqA1TG7qqVdipCt1,4
2kXd76CgWMJyocbf7YyPuzDXkKwQPfWLMtbUrCsErHq4,4
7tLA8VjXwRY2NVNcZ3HigDHYksioqpTUe3TjD6JejXDo,4
6rTY826GC3MV4xYhUZrjUJkaa9Jrq2n6SnmQW7jGkWkj,4
E1DMvykgMEUrQAffcXGPFHUPVUeK5sZmC6RDYpyXoUeF,4
CEeDXVpe72zgd4rV7mSgYKDwUGh8aFGU5ADE8d4NsmMX,4
DrsX44F2qufypbsjw5U1crArzHdc1EELqB6sQmqdVLWo,4
Ci5bNzdYBuFx5mgPLpCVfWvy3a3iS2qaDvw9LjPsAf5h,4
DKZaDDEdof4v525d7VzYGMJ5rfcM424Px6raMuVaX3ve,4
6u6SeCEdmHhXxG1gPPgA7mQYhMGk8FCRQyMotxDRUK8J,4
B71QDVk2fstva9LejGCZN3tXjWANgJ74cj5GEEheLes3,4
4jZXP8hpP9ghzLrq7WjzWMWxEW7YcDZVMfh7mP3sYPZg,4
FJkkheA5F15ZQVeHzVMWNw6WmWW91D7EGfDK83XbjE5t,4
9pas69wSoboK9mqBgQMe5PfrpShjWdKXv1cTv8DcuLCp,4
C6oh3NLVya63NSGF7YHTWp4H8DbRART9xCYnXw5txxQA,4
Am1fLJLDWhtUF2e6fc5fX4QnkWhYs7Sg9uPU4hAugarv,4
CjttssmRRpEGzrggoBfUR2CPQpaw4YtpFkkFbK37yjDy,4
5FsrWC3vE2URqvP5G78Rj1V5CmG3zyYLJkxTFyYgESo6,4
5gaZGZECWiwT57Q5m4fHoD9xcHYg2EsGcUREdu5C595j,4
9b3nvbHDwyJYUfpGjEMwCNCBbesGzJybuyF6ddCTQCjw,4
BF6nfYociJbQ1P297kL3WXAftnNwkVnfsb4WTM8oNQ7i,4
GYVkFYe2t9yL8sXND546t4bZtpsNi9JzE8C69gJuNdXk,4
Dxnbt4Pz8jZrVx9ybcxwuRu342JmhY3Rdfh9kW32x8Vk,4
9Ek8HnkWRjMfDipd6NwAd7zt7Mk2WWZWVkpmzGLPUdeR,4
4GzSh5dzT6cy5PQQCrb2yfNah2XETRv9RobnG9Ng16Uk,4
faraVvDajMs9FRwLvjRKdpfvDwetTBqgdwy95MsQ6VZ,4
Gw4nnCUQQ7bqCLW82VAtfzGaFB1EhpnuLYZQTwSD9wzM,4
2214fAM5CH23yzkrdi51GysV7guMu3oarbRz1WPs9rMD,4
6vQahiGmFA7ServoynbyTD2owda16gTzRPmeadg7w4A9,4
HUngQjNWU5upg168RdsYUYUBXAfi1ukaNL2LSztvULhA,4
sastbeJnZR9aXnEG2P5eidDcVYGB8VNy3EiR3DwWSNg,4
7eLceTQcv932gKnFdbDKSf5GceErd6LQMTsMaZKvqGZ,4
4GMwpBdTjScNhyc89eh2mwC9PgHZNwf5mvt4F4yhDGSm,4
6M2tCgbLypYwWQx4sbC5ZvuABk44TYYbNiQNApMNP4tr,4
FPovd4WpidbxNiENRVfZT42gdcR2nH5u1hG4DxM5N7cm,4
CaZ558m7uHeWbPMDNQAZqUM7rrNo2H6TU5VbyggQsvJo,4
4BjhyWGrdqKfPAsEkyuuN561h3KjcYm7hZKCkf2eLCuE,4
FkNnWC7fJeYz8vFMg5P3j5p5BDfqMQudiXmTU6u8Ey4s,4
DtBpLKxroqXHFMSbbwB13khkAeQGEggFfbfnZbrjKFDj,4
5iq6Y3BEaVnctUMQjARrtMRBoLBEDRG2xzRqVz2c9b87,4
EoM5xPKULyvFdLtSB1skVD97sVNxa33zeqWNWNqcUPoB,4
MKKPjWSa1YnE9ADc1LcLiLn3W6YqHfMZpgHpJq8bMh7,4
6BCGTQNnyvVrdE8gKR2SB3jwy1b4VYeevtYqtMU4n5jT,4
2PskHWviWxuYa7NpNKu62rbWk6ZDmDCPoigFyayW5VCG,4
BurmiKvFFk1VFZ5zRxtFRPwNCdLLgZoouRdA882nBP1Z,4
ZfBKwAZseXuuJyYQMkyLNV8btqdjjUcfCp7SsKiMsWL,4
91GcURkkv9W3oRQSQYxeV6oZQqDzhZBzSCQTYGcan2Dp,4
3Lr8TB5wH3gJBnvMjz8pfmJBCcJTPa9FqknWVf9dkPxh,4
37fmBLwU79C7HMJTpR2pqwnygCiAhJjJ9D2ynnAKHHDG,4
7cNmJE644diJw8osy9GX6cMKWxAqoHCitc5Ej8ya8MkX,4
JCTufsdd6b9zQpeAGemneSArmdrgc8dMt3LthtELy2uK,4
22WYQ7F3bzH6otW3x7vNegfoYUBKXStD2nUHK4vadGrr,4
2miqDSetvp9kVgzvn2k4AtnjYvpgCbDzAHZhhgeGM6sK,4
2jXJ8sA5LiPmGPJQqqMmwk1jsd6DVELPbKprtoAwMeyN,4
7G6B9zZudnVD4txbFXNNuofs2Wn7nDTxLzHyt6Zzrjqu,4
DymaKtdMDzXiiCdJynDUWdEe25gKK1amrE3QSNweKUqR,4
KiKdKhF4GFBWAKb8dT2WiZwRCHJdyn9UQaurFXV1pPC,4
7USYczUwht7hyJz33pzUPzJwov3CsYCYqtCbLS5Q5w23,4
8P61vYo5FJCnDV5iPuXyY4n2RLzVreiWKZu8rW7uMwFU,4
nHhxARLWUxdHvDpHiMseuycMdiMECUc61d9tgAqm3Ys,4
3eMrUp4i7uGKPZMSUy6N5co2uffDjM9xKp9xj7YRq9fM,4
xd4stAm5VkbZEanaEZhF4LicqVypP22ma7CjCTnN9Cb,4
CzBmb5BeWbimjQGVtXch8Xb6GsuLiGRKf1XAYiBU8UrC,4
Acy3Df47nfN6VxY8K3KUwxJ9X1JhbYHBueGLnfiXVMb7,4
76M2GitVSrtTB6SaFZ4BjdkUqEeKFFC12stRNyn1Qd7R,4
3CMfoGtRetq5qrueePmGCubcuUWJDu6iWQEK7wXRYroV,4
DtsuQQ7RFRYsGGQpPRvvJjaVb8zdiyfhakEDToym1oKe,4
5TcdrVxapBPoWQip6xy2Euv31hKjXhuRXLjud84gMdwM,4
ArSR5L1zaYxzCYihfXT6tqqXWe4EmxnhU71GhPUPEQoj,4
HByK2W3dZHTspafPjFiBWEf2VwFnbv8XVRjjZmYEV8jt,4
HVffmrmMcHoLWkk2rAgRffvyeuUtzhnDNL38peK8ueSd,4
nuinTBZK45YybFaYypuBuJfYr6cq6v9ZtoRn1hmEr7V,4
E327QV7n5ivR5USimz8dYvaiTxViDVCFoqpp5zu2oP83,4
4uLDooFhuj4w1n3xRxKqGfzcdGpqnfo6W7cLzvaQ6HvF,4
9anCkzbypr5c4wJ5o6stj2d7MDwByDBNxv4EtfMjTjdC,4
EXEHKrDSsytJnpZaehtCNcK4E3X3sSYFyAbigtg2rAGB,4
D8BwRP69D52ziJvPjBYYbFGmiNKM2yi8Arhrdj55Fuai,4
Dpe6BobxdyUAbjS8Y8d4BcohWZWLXjToWujz1dHSZU6a,4
HrieyigzoEgHWcAg3GHK6TnJKyzfkkeXyTwobFFdmn8x,4
4n2kZNoqvQpZqEtRgcAdvw1qGdFK1tqHWxA19bFj9nLG,4
8UozPwbt37Rii5oGyGCvXQWXMTXpHxQbM6GW5S7Xf1DK,4
BcazVPNjoYtA5ZWFab828moWgpx1fSebGUGuHYXax1v1,4
8WmT2vUH9Ajq1qrRwt12U5YN3msXnCEmJyaW5nWCFNaA,3
Fj8d4EN8j9x4dmHf91emfMJiuSV2CAutXj5edFcfpxgS,3
AF49abjfjmNWoTJUo9hYnQx45iqMaM7pSHpMLL3g3jj9,3
9sdk7Bx3YYBni6tZ9g4mhZhhaVrhGUGKsaYmFCMx7TK3,3
sFAJ1GFdZnA67sKHuzrWadX5ntBH1AfhSAWzogAYrRY,3
ArHe4tMWEuZ4VpRj7FqqAy9NbuVwvaih8iQK7v4rSvkG,3
3MpqWCrdMA3cZLJUCWQ8V72PdbAsXvqTSUYbWNUPVBNM,3
CLMzPaJMAPPSkYCwAUTyn5uj9g7mx9man7H9BEJEeR8f,3
7CgydbMrqUZ7WaJjhCNSCzgudxPjgSjdY2R5Aaxx1WvW,3
BzidkShVR512ogX1uoce7TxFxxFFzugoGy1Xy4aXV2Mb,3
BT2pU6pfdJC7bfX6uc6i5CbrS8DZJsm3jz24tRcrAixk,3
yyzz9ZYDqJbH4a8ZRsznuUnb3yAXitwbeFMfWYaGe9G,3
E326ojgQ5uJdekTXXzSUZbEaETGsiYDQToyJ3YT1KZVS,3
BW7a93rx2wTZV7gKB52Q5bNq1aN54cbkLNXTKZ6CvxVs,3
AJCFoMv3hCiVcCjQ5XTNG7FgReWZKUUrUyFxYL891eTo,3
FPZMSrH7PqVJUvkYs9NuXvdKso4YwnXCufmvJcJqoF1j,3
HQjZokJ84oaT7HCCpCThLRwYiwgYLrzhu8bzrmH5Hozw,3
4LU5g6d1AHEJCMGK5HHcyWgBtgZAMYFoqMEJsX9bRhrK,3
ADtB57EqGSgj9WYLUCXkYn8WU5JZZsM5Ce8ZzWrFkhyL,3
D6f5pYAbi7MbigvxsuLwJviDhHdsDjn2EYTmfRXBBAC8,3
A6TL89V1b7HGxiBYHgbVneooT1wbVotZq1dBYBceixot,3
5fp6B2cvDSJejtzeNuMVjbGweduYQGwisqAFdXX7NcVU,3
35LRiqETCGTGGtbFGhkaFswTKtxDLL68XXdtU6N9dNF5,3
Cb4eAAYzenGmAbbojRzd9dB9j3oijeRzEXPuAyXjb9Ex,3
AmtjvunYC4xtVGLLSupwgUAeCqSkD4iugkMk9iod9Ud7,3
D3dNHHxSuaCYkpFj61qXNLXqhgQV6N2gQcYQwmzPHFzW,3
AbhWq8ixm4Sgh5GukMRb7Rc2BcNwz7NoypYdvEQs8m2k,3
Aaaw8x2aqKAYx4egrsZrT1eY9qMHrv2jGbGhH1hW8tWu,3
13a7efGhVw2X3bKFHDkp6V2bdDSFfM52h75FDQn5XaeF,3
GPTGneVgVspdU2XuzocXhMm3EZKrKfBDcGzDBpixqcWm,3
FanDMbSVC6FDshpUJkCuz5CZs7kC8yuWsTD1FcT3KYSW,3
4FL4i1VURxfQsB72m5refr6fYHGHR7aneVTgPq4G3Uyw,3
CWdRjGAL13FfuAbYqcuoyTLrfWtkfHrS5dR6fWSSxWW5,3
Ha6D4gRMKjfxVFGCzeQNSy36Fujg8Xn9x9cKzKb91eKz,3
2X4TeLTSpgbUL2a5DueRjW281LW5WPH1QGzfjyQD4D2g,3
3KNgv55mWGQj88XqqxX6dHwXQnH6Jb2g7detBW65WtZy,3
5NsJhNwTXhAy1wouryMJhuuB5rbqJe3YvAvYs9U2cwrR,3
GN5oYjvgSejSSNaZx9DsTqTkfr7rZYbRdVUzHGVrZYM3,3
4JFbnocc18d4cbbs1i14xAgE2F1BheCovakERqfGNd9E,3
4Cnh8nDZTjNP47E3ja7R5aqowEJCxE5wtffTKFzQ8pFD,3
DKjjY89muAYEc7nd5e5DdazET1imSxururNynaokva1z,3
5G4MuV2HMRCSUSv5q96Zj2hNThWKmQiEUNSphfXcQc7,3
7b8Zh8fC3Sye3ZesMzy9fC42wNgSqYfQh1sLFMFQzpCR,3
GF7N3TrSPVvEG8KYZZyCUdCUWiKuDSQi2SWDv3ULWw3A,3
DreaL3PTh5megRsRdh3CFBXKLhd3ADQ8MzfUsJEoij6R,3
AhFGZRVeA2Z4wJbpL8LXQAZeitr4iwFFtamA9jhWKWR3,3
Cbkgb2bQA4pTEYwYDYeN3ZHB8HMRkZq7nMWc9RWnrdDD,3
E3XvrqzJZqcXMB5VfMJSfhFuauPi9G4995Rhf8429n2H,3
3SYyNont4fHEnAepefH26MQJ7cvNsUhVwNphtRsFWqeb,3
NUKE6VXDcfyb51yvFwU67hDxj2qMgRdkdtUPKy6D3hC,3
F8syoRrohDuSyDDz9GBtf6YNw1Q1exs6o59qwrqw3ZUv,3
Aqsopttsh6KB73cRWDX5cMuU7E9W3zeJBcBup1v6MteU,3
BPHxsFQfRpWXeq54vr1wUiU5aZ5k27S4THtKMv11teMT,3
AZmHChSpCbF9YSPjA3jREq6LMF166zYv4LgaFX4XeYuM,3
EM8Q5hktxun43tu3jrj9ko4QHk8b3xJygZLw5gBxsbo2,3
372x2ozVCeRiD7jwP3ShNeEeK2iQVCyC1bRGscF9RHdv,3
BQ96sVhxDSdRSbLzgCCXQkqo7Tp6GtxYtQ1eoumvcmFb,3
4iXeUe3cdU75Tc9yTgKun6BYdi9fnpyhvJbccS9McB3F,3
9KxMLkeuLiwVpGi2cqpCpVHm1SVWfRubNN3LoRzif2Cc,3
7uFVrNxqJ8EHHzEXTDdT6xvdBkZFboYc17VV6hyiF1Aw,3
7tU6YBdoT6YjRFNqeKuA5rfyDM6Zd8CPNTT7obDEAhXC,3
GQcFihhybXNnRMk2gjqcErezz6HtcpSUqbo2z99N6aEg,3
5zHkaZckVeWEwZsjz1EJFTZ3uPpscxisJyeTZPbvHrpp,3
GsXqkgF2752Ae2LQzxkcKpFEgNxBeegvAbfDgHsm7YzN,3
ExmvHLmYoTosmWZNVHZukfEQV4o5RmonyzpkKZgaidum,3
BoD7A9AoCZbbk5BTZBG6Szxmim3c3poZPQa6sxNFCERk,3
wZcUJEXqPu82kZ9pEoDgJmne6RWjobpQ3NAxVKcBSJw,3
FhvR6p5DAgePvjsVkBPBz1cX1LwZzC3g9Nn4FfkctLwM,3
F98oj5C5XEJ3qA9b3PhuPNESgs54qL2w6h7mh9wupBxP,3
DoKfNMCrEWjGQVGU25jyTcWnfH5vigBUBM4Tt5HDdY55,3
CUGJSHX89Cx8ZTZR6JCTV9msnyVFcfbkkvZuTtTt28tX,3
3mKDoZJVK2NgFLnPtzgnLVEbseoP8aoCtD6KY8of7Vib,3
NvPxMsyvrEZH4Gqd67RjNjzPBasuq7XCWLHLLYiuFfC,3
FVEpHp9Aiaj6SFX3DNKH1xKBkvAYFEuob8YT6pVnMZoh,3
35eFYTXSWvyERZiLTALXXE9YkKso2i7aDyuLDcRAySzx,3
8wsLAd5X4VUTuG8qigzzjbeLXtPdPxhz2SrC2RQENay4,3
QksHK54aDwt3LRrYqYLHmD1YQkHZj3beyjv5CCEvQ7y,3
AN33hjkKpRZptq47MVSfVdyvkZS3Dz29XgqjF42bfW7M,3
3Ak7cUpMBvj1YF4yZVvJ8yecBxaMGCbYQkM3qoibe7VT,3
6ueTR48cw6utBKNjdbHPTDHSXM5EnBFoMg7NpCnzcGL,3
EMymmuaK9gLhoSXQ5tZHFgsDzM8dRpYxgwp6xBf6ezCk,3
5kt4FBKmWpke9NpzmurbLGP2YDP3bmj54gVESi3XQ96c,3
HZrp5JYYBqPwqRi9EoyofKYNYkqfQhbAnzDbge6GAahD,3
9wyxLANs8zvmZnCsrjpkf9XEi8NznAnNVTS3XHPjYTkn,3
7ya5b57SFgFUMeJ8GjJDYMevq28VWKjw93E1puwLBTCL,3
5vpn2u6Y6NmikqBJUs7mjsvBKVwZJh412uYbLmkEPAsV,3
7VZZCVgJ385XhNNym917pk758gXL28h3tifB5NtykRMz,3
EMePnFuxJzDyJjUvXMjnfLj2SeeWB4acqBYS2nwqFWy3,3
H1op7jRGPnFVRSVRP3kPQJWipFa57L9WvywembJZUMNf,3
FiJqa5MQ3XH3mBiYBSJnkC9nyJKFrUY24ZnuHADUPobP,3
7fKWWEwM9SkLLKg8hmDSqJWuKgP1hmMCjV8tWNRBK8qm,3
6o9raR3UiDjzNPAivbF7CFVw6PYuCR791ZRVSun54MPk,3
3ch23GPgYQ3XLxT51wusv8awVyC7GZyx7ZEm9hwPLPAB,3
BwXq7xj3xgyj5vwaDTXHiXVR431ZhZBnX5vmxGCn1nte,3
6pLvyXbmyCZfxuQwFhxJRAVhBCtfjJct46yoyUMxmaj2,3
9Zeh2DePnmDTFiiVEYmmMs6FnoSRNTGYS58d51Lu7Mf2,3
DAG5DDyw1hDgnrSv8dNRcxag9Q4WMqsn7QsA6scCQy4F,3
5bZ5RAT8kGbcRjazdCg1Y2wmDpKRWCmjv7u8xG7r4Srt,3
4mCVdck9E6XTBQE517cBYPSYRvQb7crPB7UdGYhT6yxX,3
9D36mrvg9TNX4ZSc8VMSD8gNfWgHLhp2JYLoTeZ3c5g1,3
GMq8i7NcGjTkWAtkEFSuNhQ29NtZhGFWoxNM5gRt7d5i,3
CNtSpWq7bzgNWTXuNnnMX3Z6pNSJoTa4wH1wpqXFDVZo,3
49HmPWCUGuKaXxbcyrTvgYRCsGHAFjj1yf1XmwvARGeC,3
E3ewZ8aBCfmamgvz6YpWa92wbdQ6Eb9uChbeU7uMey1e,3
BX4gjAcbxgQ85aRQmmv1pcqvkrKYcREZmWg6HKvsVmGG,3
HhCYQY5P8Jujs2ADtrgpiDsH6bEoVW7Nopww5LQ394rD,3
4am7j8SqVUh22woQptvXQpKnj8K89EmrHrjVLta4xH67,3
5XCuqPGYt9JZCUuLnSRC69LWGWH5HGERV4kLuVCvkrXL,3
DMLNP6JWtjs5z8iSE9MYVAbkp5mdiin1qcVrrMzNxkDb,3
6Y1RhTNKPzPgppNvnxBQfL5cQJuJcWKSU56V2z3q8Uc6,3
DJpJpxLrwBvAYhdTk39NM6YBtqRrbE1DSUYDFqvCf5cz,3
EM7pzsB5TsPUpr6siYBTCfiRgtEYJwDHcXwBajWxQHL5,3
GMYhdg5vYzv93NWq9PkJS7Gdt7eJ47ktDrnRbin8GYDs,3
6iqpnN41u5HHxV7SADJJWFkJVt7bWAdX9iVRba3njHcf,3
GKLo7rpRDf42PJS9j5wF1DPjn1WU9Et1rgKF17kWbc1S,3
FBvPToDZgHccpTowwj7QWmu6qNB4sXaubrUdDTQ6ZJz4,3
GjXoreoCm4sa1pnW41DPYry7S6dYfd3vVVBfkNEVRfVu,3
ANjLcRuV25BjvhqpvdtvQG5mXwJwHVrg9tpyzd18nyrA,3
hCpnKuSr8NCY3ztyxidPUbeQAuU3bQNkmK4YhfQYFRk,3
FGnyQGfsxkFpSKMJ3UAeNKYh8TWYhs5ALUhbgUf8A9cL,3
AAjimJKnrpJBeDg9ATvne9Lo9stNJgfR6s8AJjSwdK2F,3
BgNuJDxGxaRPWucFeDTsM1Sf65xGqGoHaZw2Rh8h1mWb,3
FDRcyxk2Xin8eAmXULvqLDpbeBnzF9JRFMyMxVT8t5L6,3
4LQ49RYdbCjzfxVaAycDeuP6A9gfVUkyho5VH19M5pYG,3
5ApZgkDhz2xoZeWYPFTzcKvxg2TqWZehpAK7ynN1GYRU,3
3tXXnftaLryX1YCUAEmNQZ3i5MjN1Mjv4oANmSzz1MyC,3
7NQCDkmNJ1e8T7hc6xJNtYsUNHfYeoupKjzDFRENS4ou,3
4wUxmBCHXsozamQUwdKJH29HDrfbZZCGUwF5QwzeJ4yK,3
2oJCc4rcJUmYQNfd3FiuavhAA4xwjGHKjfiSm3VR78jB,3
6CHxveNCA8wZirZx3fDK6bHDfY89VHHBZDpEpVVNBNS3,3
8VdA5YDcH4mBJBVD8D4KZRd6PDEnB6mV2QcDr8Bk9hah,3
4T7wbZjBQtosx7vG9gSkReWQw8cHNjZzZCXknfiFCKTG,3
CtrRrj9rUW59LHDUkK1hYd5r8VC4vzFnoLCLBB3DbutA,3
ApE3tq5fHLt5hERDMsoGpLe5NX8sDYtqwYgcFpdnGcKc,3
7SJ7WcoMgZ2QN6zTQT3FB1ifWZSuBdaNS8VnLxRKFLTr,3
AaLkwcsJ4nvEzoNJtDLVvan79iKXQimFcbYyxLMQ7zwU,3
H3SjJYixGGF1N6aKHrsw9vxEa8SmdB7YTrPQBbtCkHEb,3
4QD8RGPwDGz37ziEwiomZLV8FwE8jFau2Kd2MTwv2jT5,3
DRygJdnKLcpXGphsEKzxSH7U9nqdsAZgdgN3sE4NsbNd,3
CGrGmA7f3qQVvhHwptMFjvmuX4LDMBpUbKia1strLtst,3
9S56xhCT4LBEGmKjPmYtTtPA4qpthGQWgJbDoVf72Zyg,3
EFS7HMa1Cn6jDPgVLBQjdNDoH7bZyWsbM9BDfMZtGpDE,3
CSR5sGdbn8fwnceRbxXp4hsaRCWhYDAaopJisSNqRhkA,3
7vW2GkVauaZiFrAewCYvX3YtMyqgsxDufiHqE2jCAioB,3
3xiqSqH7X5rquRBDkdXC7JRBALTTa67GGFHqhDyvt8N5,3
7gYwWW3MpYAzgGPwm1MnDH9QUhfY5FAsNZTL51w7iHzv,3
5zhi3Z4Pc6cmPFQCLUgBZ7AunTv5eKex5qA1ch6ECPSx,3
6stbm68Gjd5bMbfaBP7vGQg92ph23LeC51NzTPbzqCGK,3
5YFtvv4znSZWTfuPHvAtkeHtzDaNo7S4aLYzBbDNBFgh,3
4aYtyT5fo55urhbahSuBHTkwDCDj1kmP79T8ckWLT3Es,3
HPdLaKJaUDvC3NffFmn9wLrfMWVmCWS1iV53Q9htt9J7,3
xxoMTpwpnPWSqAMuTteqagk2hS9BNBjsoBSqoLJxJRq,3
6izSGumLJc725C2eKMWBDHTkwyzawNDHpQoHE8QwFvXm,3
E8GTfvzSgjCiweUqhddC77ixu43SUtoZ3HmiL2CFBEtp,3
F1EqskzndKT68gmNoQD2jz3VRux1fAVFfxY7DWCVwQuR,3
FDpornCFKjsxuCCpVXPmh6QuPo7kV9GGxh692douoTYu,3
H2BoxhRsZbu4su8VwWYq19unf5UFLutRdQ9kgAgn6xDL,3
J8VSGq7f19rBCfkEsD6vPwZXM6ExnRcSpVtVgeGFbqjM,3
GF33yvwBRJwvRQNMd6V6XUqQmGUQfVC1gWT115gQU81P,3
Dxj3mMV1DirvJSn25wgw5xoEfWbzebUGDd6ULP8gJ3vW,3
51r3hDJVKGPwLLqiJzJrsmzAtgHGapo35ogHf1V1sDSj,3
8ZWBBTfsWPHnAqzMM4Ak1Zwjt2x2N1cxb7D92A3W5Qk7,3
ZPKwfGrxGK2fcqpyE6VgUYy9EVyHdmb6cNSciPYgpaU,3
J63hFbg3eaeadXvqgfoRi4V1CiAe7nhY1JQ1w4CYD8RR,3
4PaeHjgX7nKUYpRhE7eb2TChkxQYDwKXs8wgYsJ7xxUV,3
BV6Pv5PbfKbUvf7uUzbDzYoZ5PJHHdQVhx8JpmJtCvRc,3
7wJTZt9usnQif6XsxyWd8YjzhaxAwPm87gPnRGipTMVo,3
B14sAYk86RXVXBbvTnQ7s7DDvCUSrZMkQZFYezNyMVQ4,3
77YRoehwRcJURRKBQNunenTd4cuEJwzmoDfSexvhgi8n,3
NcSuHQnpntJbeKGkRqiRxo4aswW1CYCjJEA8rLSnUDL,3
8P4TdBChhR1FTtB7TgGyT5PrR66WZKUooWQtWUzQM1be,3
ChnSJUBRdgr2tAFix3DrAMDxvXCfKCK2Yb3QFwpWCY2j,3
H2NuVaDgQFreRA3Wa8NkXpisgwVAjRi4PQfsUNWe5mBt,3
G9w8xTLgGZkMXnu9fbsxyQq3jZoghvVLJ24vfjUSKydA,3
9xM3QDHb6t3wXhkYinpF9Nk23U7E6DofbcnVbUmHkiUh,3
GVYjFvfM1Jnu6tijZkwigpyRDwA9ESJrZekxkMixS6Wh,3
Dc3P7HSfDyFjArfJCNrrSXWEwpUaKdmCK1ujjvZiV5qw,3
5GVatctifQQsEUUupBuPgs5iC3p1Hj8ytnH47E6hsCqJ,3
8YmKBcT5MKGeQLj1fUsv8YXxKnM5tVEkXerMDCWZYf44,3
KKUW8P6PiWdBKWChjJjwQCmzCJB3GD3TPYnxFSy5wqq,3
EZKyqUZgkickWAGNmXewnJLJdZgzZo9cDGf1hUHiQSG9,3
7Lk5FCw9mseWYMZK1dKJDntYw5A514fmtQBvwUU1QKS5,3
5Nj4diJyDCeb7dNwXxCQVpChEC5Y37kcCmjtWezKDbce,3
Domgqt646dqhb58Wy9naLvAtdXQWr4FUXNoDrccCkMtJ,3
9wzJ9ts1ozCWzu4Fv4t4YKFtpQqw8VosTvsTrm1MFbcP,3
Arts1CXqYeJwzWHPhowghfTc97YM8rKyS1PM8ekq2ZAg,3
EjC5k2h3t6ZbNT8keEtfnahpPL8pqq1od8SCaXvppVS,3
5FKEiMuosedgFNTupRNL9CXu3npbAUrMbQMQt8DUi6Jf,3
DPoUN2XLgrfUW6qgLTh16A693pbTz2P4i5cHKaqSmjsy,3
2PCqTeJWSwiT7H4Dvn8Ns6W7ddk5Xu5L1aJfWP8PDR7t,3
9MuMeFJtxd1UdBMkAFqmUydx1Vv7k5dFLcFLdSXmEiYU,3
5LJmQLxvTcnHxD7qr1PjeM5RwHnokqkM8f6vEc5qBLJj,3
9h8vM7ZiVMJ8gBSKidRwCtFaYVDPANKgiaLgLbHid3b8,3
3qBLWXJZjBV9EBs7G9X4sTaNgCxSHWTEdSHQyVusknZY,3
58Cxcz2F4tVkSm7cLVm9PJFDq3RjELvnS9PrWSYdx4aC,3
3GUETpQEAtyPJCJXdgXLRQ3wUx9v23Xc872akH35okMC,3
AXXRH6NVXjUNxi6GvVWV4Pp6q7k9xkqeqHhRx8sW41TX,3
HmbpCLjjZrA3eqLcyk2ZmG34RYijBRF766NLZMYc3tnj,3
HkG8tK2VLshDVrpZghxzkQUDCGPAJUcsLPKNDoeM7NP8,3
aR2LRbsdJGN5JXvCo8zi5DtsSzeuUrk63iGNbADxK8K,3
8LMGmwFF8TZDjADzqCp5StGBZeatUA2RtpXLp7eiEXBQ,3
BM9ej4b8WVFDc5HrZKwSPMpDUypmgLYH81gXFwvT44Rf,2
D8giuUBdKuU4fzwEaGmKRhJzP2Do48H1hfesCbFQsRRE,2
CgSxFkrrDaX26mdY3MqNukkUqRoz7RCWbQUiA4oPAWWg,2
DXHEK423rET6UrGHbi9gHtAN57SASTA8Bi9CgdvnkJwb,2
6tMiEbtDYMcWdqMMHCKntGou2ZiYFDAzAf8M8uvUubEV,2
3Ci9NrktvpnPXgVSARpKh3YxA9gjvjJaLcuGmFXHBPSc,2
BUGQtmusERHSoaGzvTJPLL3aLHWwJTgEbfcDAc8R4XKH,2
MXV3yZkF3D4HWaUWN15H9FDGimiuocZ3f2gmHKkKX3D,2
ANUkikZTPfEoBrqtveRAeNkvVqZv335H5Nvspm6u9Ghh,2
9x2pMshttR8QMk1tnnRi1r7N3wM7tZMGZ6WgUXnDcQkm,2
8RLBGRoH397GRKzm8EvASh2pJSiQTAMVdbsN2mMKvbfr,2
BeVUHD7jJdrtZnZzk2FbHdcUp4h5DNXXosMefvVvRaFZ,2
3dGH6wj8uCFzyBN6xe9n7XggNw9QrWSgJHUDa8c72JNb,2
DsF39J7DP6xGCcX7KMtDosdCJ8YkBfzYno4qKZweXyHC,2
6wNL8pu4EWGm2voVGorXEpZuMSpmMnGd2mok1pv8E6bi,2
J5XMfbyqYQncAZ9KfTxCYz4ehXoVbSgBdkt6YRGdFHsc,2
4CTkZB8jGv8B3Co4Rog5DpYkJD2pbdQNnth3S4sbehLD,2
6KiUoqkLGAdZy6kK7Mw7dXftMVM9VpvdctWin4f4edVb,2
6QFmUMjs4RX8cmq11tD72UD8stkCzgaJopUkiib4NLXh,2
FnyQM2ncPF7TGkCMaoPPr3489HTYczH6ybeNpiiVjguB,2
BHfDfcv36fwrKqUYY3pUgpiThwC6h5ymsQa6MNR8F9DK,2
83pxiFuLLiUuMziDwAUoy824TygsNXwEnkmFu4sW7rEz,2
EhFM2Fy1hPtF2NkHooKDfKeAG4va5oq29bwdLTxTzVhy,2
GjC3U6JpRWqnp7SZwhk5rwKcUWoY5Y44ozXY61BFjWXh,2
4Ufsf6ihLyyZviU6XozMj54dbxYkxwFwreCuBXnx6mow,2
4dSGg6NdEkwqeq55KUi5R722d3eFV5ptjCctYSxyPGBA,2
HxaLT5tXJfVYEJ6PhcdVsRQ8gztQ5Dggw4EcZ2UUwper,2
TRug78ZE6q94PqPuqFYveuLPZTFi6x5GUMm4Uw5fxBX,2
E9tJ5JPTVazdDwmQQNXpJux958Nbq3vMVTjFJbN8iS4G,2
Cm8msWCP3PuUw1yVYiruarYnTQbjNertWAYywc2cT2wk,2
Djv48jZeSg83ngHUq52vCAmYP6gW1vb3zdc9xQqWzZi,2
EhXt1kmEYQYaKbHaGQ1XDcRNfzhLnXVSdxF4hN6uJjns,2
6hHuc5huXizViT8R1y5RnANoUiA6H9yAmTXTEL1RC7Cg,2
DfNMUQEHuzMWRMu3pjsqx7Qi5qKmUMdPZ5HCaFN4w3mV,2
8xPhCwWJFfmXR7jF67jC7ah3bDznGyd4ae9mX4mPS7xA,2
2eodt7odR1w1UujJPAwrK3XTJJpoopUsqUrUocRXv3kp,2
BtVdtXkXfzNYa43vxMg3eUahXaoa4k7UC9nNA9YnTNxs,2
8XHp3PYT6JcQu5yXSrZCN3vbMXywHdSrvRDxKUu8q6V7,2
7okvt4TtKmxL8aLVHry1LFnMATLfK7uLHyBVQcstgjih,2
B3vvjjYWhiiLo8nz3EMovjmyKHfAMAvyghjoam1YjY6w,2
4snFbi3XgeZjvLr9dU6ny7KpJXqQEuKjvj12hX47uoaz,2
B3hEuU9ezRpQcnSTWQcPFZeNv7YZ1USekiiivjd3mTBY,2
6dXSTyh39gbUuhkYLUTCGNsc7DrgpGTU5TpfbCt9Nptv,2
9kmphbWQWuupGgbkncfreM1HCaH2Q7imrTvuN2m2vDFJ,2
CfZLgQSM55ftPbRRvDCrnc8CKBXXVGMcyXTmxQS7JcfN,2
9Sd2HTv7ue1r5ZWEYvaWBEJ7as6b3hKAfV4Vt6euwR8g,2
9iUvo8iX3nbYZKt7HrJbXveBC4hMKRahPrYkDTYoaWbk,2
CXzcseuN5cN7iAAztUUaDUVYkfKWZrsGyAFhDdi64i1E,2
CpprTuc2Y4o51ypLDppmkp4S61aAbBFDh62ovZNsHDB1,2
HR9KqAtxAEMsPgVtJNv8VkJfDaddepA5973GdkgRWH6q,2
CBuN8hr7Cgw6prh3iATUQuYV3MqRNm1WxVJAefSeXcdM,2
FsT84VhfRcrapysDRtyDHuARGdTsR8fqEMqtrxFqx7ar,2
FMSGAdXTYE1qnLfCYMJrzRsgx8campV8BHnkfcjUxvdU,2
5TiKpTHrUqVFmk8Bvq199Gshj3dUpTi36t8TUgWj7o8e,2
7DHnqS9BtB1TWXkqFHDyMPTNYiDAPCEzKSwyva6YqFEL,2
BN1AcUZbKCguyCf73XZFaHcZs8UPEAZUhhqBmQBuu28y,2
4JXb9GAibFyChXu8cAv17cX37j9M44crAr9Bz5gFJDyR,2
4u7NepeFZb2LKYhkPdHjSmJU3pqKsa78KxDekbjG4fBL,2
yEdCtxWeKpGvroYGT9DcRNqgxVUMHrreBdxNZsLwPgb,2
2mQTSsYGpwV4iSqFNBY5bggLRMAPKF6DhPDzifbbhbwd,2
Ecg37N2jjaf1gm2fUPfTVLEPob5w9KnswJnkCkJS15eR,2
G6aZGV2ruRjysL72swYwrDZGYiUt5UUzXhs5yoBz727y,2
BMfcFYfjBVhGBaGZX5RXMqy7uPrn1Aw1cHsoBjXXn7h4,2
6gcT1APRr871TPxGDqVAPD3ApcmYjGmFtpJPp6p4kzdU,2
8wmQmBvSpxuXz12pBAWENLXhSpSQfsdbgfqUUZrC9yS1,2
82utKDy5yyRKCpc34mjM7WikoFrumaSt8PhbUxRrKJEK,2
2wqrHYggdvaPvS5xj5bt9TwYxvSBVTMGUkThPhhg1fUP,2
Hh3yYXGLxnUDveGWbJD9FjLsfbDvCWeC18LSqnrr7Qzp,2
9XBsaZNKxVKYngwnnt6WAg1kBU2JDfjrTwZr7GshPZRF,2
CGCjqm1LVmd8ScfjDqwCmB7AXwWwodEjmXz3hWF1JCW3,2
C1wjkHgqUBAw8ChxjcTgVrBnhZexbpxtpCoc93JHB2je,2
2hdmKa9bpHrXfMbFjCnDejs2Tbtd7Z43PqLwKNRA2HmH,2
C6tYwQ9fE9Q1qTkcySgMN46mrFmDcfM5MUdcSFfZ6iEx,2
AUdCt79JGu6THzRq2bKPbkyTMzbKNWZT2E2wBfTd2EBU,2
5aeXazsXbUAhzgPgqsQ7oxRjFNAZncJ36ZsbVBwaGsz8,2
DKeggdWpVau27cuLCtwVNLxMHHBQmXvAwuXRYEF2BhSr,2
GMmLHxWeRPSTiiFRJxbXBBohbQgG4D6XGpw3fY5rcedX,2
AHAvLuqs25h3ppVDYVW6mKG7YakeAyrhKHh4qXpBCCoX,2
6uE6dteJbFG84pU52CubKhq9YvTCrjQDwfvgco11tNdz,2
BWwU7SEFHHDD4MNjVHcTgrNpM8qzgjMkqiy3XfyujxsU,2
BjMKZjBaZLg9mATyyPeLYACkaq6deHy5jLWHSHx69iXr,2
ASGL4yVstpRBi8rp8vyrtegg5wGX18R3ipaJFkQjgtWN,2
2kEAepqqmX5JdQedCeoe4ivgUycSF7XgcpuM5SYzCfCK,2
5NG6fXBmRnBjhAt7U4ySmjYh97FfBGizYtH48kgJfvXk,2
4TwxMfek6kHnUqGAQYyNccproSHwdZEBhRmemLmhn2T7,2
CBibhXTa9KxeLyap5a5dTmw6GasLTFRxPKncyFjqWHzL,2
GqYTq8QmykKhRnc8N4SmkZhqJZqw5SyHCXb7MGMo7orR,2
ExXjsfjBA6Wf2aTFFb8ypj8JN9mtekP3dD7VqRUbAbnC,2
8XX3a8wdFJ3AmBSr8RuD1zDjWqKx9WwsVkpAMoEw5ud9,2
4EVFzMaCPCpyMpmvbc29paAen8tMhiXzew6VJHXo81E2,2
DtQVe8PVymNTeFuU3BhVgvF74FxMDZA8HuKd5RHeKRog,2
KEvP23rBzAftXyYJ2PTZQhyWu8V47ytxKN14M25Hpry,2
DZfxuekxWWBxBobCsdfpv1eSAeb65ack4jkPeGYGJ36G,2
7a7mU1b6FiP6rFz7St2Mt2R2wghXQTHAFveY7hYYpLFz,2
64BTPZq9yvBg51br9mzZsdjoBVnAB1kPXqqy9tDLvLwN,2
6d7QJdg8zfiDpwKjkn9Cyf5f6SqKAjUuJBNMj9vyUR8q,2
C5Wh6L9wATRQHP3gyb1HQWTnRFx1DugfzRdpnK3vWLem,2
5EfnazmKPETHTLdx6MMCUTKuJBFKd2KrRgz1MmiAnNz5,2
9s4wcDSZ5Yp98R5uxeknZSbMuMir7YQj3q3pETvYHEje,2
BFFKLyZVeLkZiQfdC446dKbjSZy8SRDtMmg9s8sYEYgT,2
Btj1TfAVxhZCsEZZWZSbTfLLwACKcEMePhZEQzmYRL8a,2
JDkNJ2tPu8gNa3jCtw3UhvCp8eTUXvXkTJz96owyxF7,2
C1RUPgt9AeoZ7ZHrtzG3d52Fe4Q5ofPECJhHKgMHsvno,2
Ax33uoSHN5is3zCV5jYLU2VUh7nrSyppyiegbz8svvSU,2
Czvee4PJdqS5jTUGyxvZYCaU731gkDKMzGgs37Seuk6A,2
9cPY4a4UdToUpGTZrB69rfm6cNcxx5ptkt8u7L5TUua4,2
AHQcBsbZvQ7UHBwraNGstDv6ty3i3Qiv5RHhQ5EViFLy,2
8ae9MNRw8q6QazAuhjp4ory8QZzL5S3b8BdwCHsHS7Ko,2
EoksXGkCyG2aaD95yVRGbZY1jJvn1H5iyMaPDffVqpu1,2
57w7WgzbsV8qdjwkf2jLZeysHn2NxYpST91C9bLCGPpD,2
85ABcFwY3eMrgLsqaj7mNFxzRJnGSfqZaEVs5V6dQUuy,2
78NFpVSXKMTaCrancwwgFK1xqLt7jS9WiBf1qXLU8rgL,2
EvZPEEqqud4NVpSoFK3ZgsnrR33efvz83ny7WynK9Vtn,2
J4FEZaJuv8iPkd1Keh3MP1kXqkhNyfUkdigAv1So4GHB,2
2tv6nXYWpx1wSdYXsQYXYAHFCMKaGmDvmtJ8sVQVK1dP,2
2KfqRWyHcmCXg9y8EckVJfNq1MN9rzAQx3RW2pSp49Rw,2
CEB7VUwod5BYLLh3ZwbYDvg1TQtoWLw9Tc3tHVDtESg5,2
BreTyAPhrrV7gPncjEQ7ot4NfjekRcKYVEgq1T7znmR6,2
AEAaeDNMkR9oxu3xvbdiPvJsgr1nQkGGXQHjy5yg99NW,2
HRH1PSCDavbizpfXedoZCXSshmRiGQLxyC3BRdVLxy2S,2
E7VsjiheCsAupQDYXftXQPWroV64tVSVqv6piasiGJh5,2
Hnffmc3NAJhxsbqnECHu6icWQZAdmjvyCe1pkaBGpexp,2
GeJVDyKyjV9wHRZwzyszqGJDDv1MKNfkK6SqUTzEMu5k,2
uTAP2E8QyXVqGHBAfJsdnnz8bhNUTnGrdPTpEk22r34,2
CoVes6gSkDDBfvEuyWf8QxEdMqm6JpowbwkefPBYQmQ6,2
AFYUdT42DtrBZXEoFazcjcWnxc9CvkKX1hSwYca7Ecis,2
24Ds7b3DpMxg26owuxgBHNecHPFpGeSbpmKPp15E16WM,2
D2dYwx3wDT7EnfuSvJL8J3Fm2kYUVHEz6ES4jgT63Rt3,2
FMALMAH6c7DwQh2jcy42LrcEZv3fkdnLhcCTuWLiavhm,2
8mFUig7XP74Bu78a5Q2tiQDxV7dc8hp7J4wBfZBvkiKc,2
AyBgtTnaqAdEVPYhtNtPPD6DbBCowQoBxw2p81UzFxis,2
Gwm89BMKz5aYz3H3jrw6QNeFnmc9frVENUoHmqsPRWvF,2
BTr7RiUbVL7AkMBScCBV7TtV7nj4Sr8TkDuQKt1AciQ8,2
FCw8guQwhYEQjGfMSUcL6tSpqDHR6KXyKpGu6CabWGed,2
5FXCSkcYHadk9fy8QcGduFcDurboxjJNmTVXPtHeTaiF,2
92XySxDvx6sohK4QWXaCiEaQC4dJEWE9q6mZkhEVSYdU,2
4mGqNno4SYnKnTiS1ggF496AtQn4J7FoPMHkpNSYCjQB,2
MpA2u6SJfL3TzynFv8hFaiYs8p1WEbiQHfNdskvygFW,2
At8q8nfpEtLSmNBxkd5z9mTThnm3UzL9NdMsQMDe6ah6,2
9W7vUA8xjfsy9CkrSW86reGjQ327No73avFH2c2ffmtt,2
CT6VcfsMX9x3X4VKXDhz8aEPc3KVb2ZsGYXLDV4cq2RN,2
9TYJr5ZrDNQQun6EhthJRepvQFMdvFUkxJb7BoYGwZvr,2
HtCA5Fqmman58DXxYgPhpACqfyEp2czseCwfa7Huimzk,2
d1rCHWpSEYR1HDmjft5hxEaasurmXokWahACXSH2R5R,2
HB5qVvrwX3VFzJFWt4eYFQ5S2YQ8mr9MtyN9QgXLz2Gz,2
3co6d2vfgFPEDSRw1aYFt5dxua8AzsShtkW4DxMKkafF,2
4sMWGGfsXh3BhLNw41WBgK8rostnxYnd4dHd52CmxoeS,2
AKT1Hu1wdfjsQvzLpFvVhMhNCe3NLRaModrcMZpSFKNZ,2
FP86BECtziefvhJBHS1AJZS6wtbfiAuydfySWs9LurVd,2
F2ZCCKvJ5T2itZfDELVcawB9Hd29aF8qjJq38TJm1gFd,2
HCAQuT9nvQCZiS87ToP6rXEEeYg3fmDkKv3eHDRt7Yzg,2
DhwceuHP8A4v9WHG3d5qXdy4qs2a7V5VKQvuGCWQH8M7,2
DK41K6AjxX5LfTTDXVevFMoSFVDbg84cvpvXXkR542w,2
FSWMkYMdHQfKwnAZTqzHcW7KjVeEnSWAg1HX1Xhk85Ej,2
BxMPju6RnXoF7vjkCE8kZZEprvrKRxmYesi593Wa7eLf,2
9jxKzm5a1YtKuy5GxSpBECzPRyFqPdMcDWWznji2iB63,2
4C8rUYdvHvpKVQVHbL1WbEgspuK1QoZ1AYjrpomjhJC2,2
8jL7MGfYgjvk1ZBrS2NbAQhjCihU3LWAnJVLWeM82pRj,2
C9d784jFixPzi1tXascChkNkmptsexfdLC3AeDBEDpFR,2
2h4rvPMQBpp7AkBt7RPcSvYmdBmZB1nZEmEU23DxPLNj,2
7oxCxdaZeagqSQ1V7UAgYuYx5gcmtiJNdpfurE7bHBMF,2
7H9bck2jUZ7uzk3ZyknJJdMEVR3ikTGYoykND5tSg6AL,2
DMXUwopbet84EAFPoue8TdkgqzDs9R6BD3AmZRL4kqCJ,2
Bt8yFZP7ibCPfiEC3Au4SVq7pspyH4DhD6Hb9586dU6L,2
F6LcC9KgiQQd7rWL3C53Bx22U4N2S8ECFyKqzyQVPtX3,2
6YHZqzzEiPodRcNFZEX9tmLiJ6neSWYk6wnRfEw1x6vQ,2
ABfTqKkmCZps6xXWNmNWEdyMH3mjZiNjYHcCtw12XXa2,2
AA1EwFCcvbxXYvnSYyzidDfVMGqoTGVo5ECVdpNQbFg7,2
499xtkU3e5BYjeXn2R3UPkjkVw4AmrS9QXiCwVg5CSwb,2
A17zm2q6BxSkxDcjvBBZq3mSz5BZji6yNUeeguQTVzKh,2
FeRfpK4QBMq4NBJQ2DkfK5DqfxiZtzSwgUQKQ7iq1m5c,2
AvGPUtD9J2rahN3vpWx4hRLyiW4nhooDkHiMUa1A6rn5,2
9WRSSW6xGGsMo4YZhSnH4SsJcGgoHfiy5J3NzRA6qtDB,2
ECnHxP43SSwKgYQGeGGT5uixwZM6U71sdjan8h167tGS,2
644FZcBDLu7tHSFZiQR6ynbCNDZPuHxhCDgQNGuVnAyQ,2
2LvA2gPpA8QWJV4wY3DdyMs59gjNRmh8KfEmEFojvHJi,2
BSPVW6TtjkEfXfotXDS1mTbwGEDrRfctMYUECQixqXxZ,2
C2t9h8ffi8mmF7ytsSb6NgG1THfm4wvKx8HtafWwt1bY,2
85YeP784CmikQpzDpFDgd7N8DREJUfFUvHq41FUZC3i5,2
12NZhrj5FRoqXKM2rSdiN3MF78AbeYckiR9FJ6wQcZcR,2
7LBPM6McYaB47YsDs54rEwnfiXemRkrX4eoCaYT8cTCM,2
cBcM3GqchvqoGXeehS4xfc5gweELyKN8DfEHjQw9VoD,2
oszETRVKk8jhnxZ47Ni2K3UU6GjGpXrYGCMQWWtzEAw,2
EWjpcVRccin5sZZVC6H43ZUrVt6S7Qxo8xpgzxvGXy2H,2
6WZrMdGpEuyW9VYgno5p6SxxJKU1NJqKNFMkkeH9AvtB,2
CZVu7eNNSZ3ZD87LDne8f31x7eJHkZ65XfLGuogLKSTB,2
APWf339jnm8kaDHsRpmysEvFWVCwzwiNggVWiNRsWcyx,2
36ndoUDNp2MZa9YJhpzAXmALCEusY8RqNbF76MdLoZWv,2
FZ4s6pcBTCsN6TBxFYLxkobuUpDwYfPWCBqzqPecw9d,2
21tvcD7tA4KtYRFXxGMukDmDhoXQQLxJXvzkctDVfNts,2
4J4K8MPk4YFZ364RUdVFZAYJRnzJ6mR3J1fxexpk9XkB,2
BtehquZELQ6tD3dunZpKJZpNDx4fxVB9DfNDQ7P6GL5G,2
BHV9LwjhUfwCBbKBsmtjq8RCGHtt8KTrHZhUyGionDkf,2
CvdqMfhwdhWfRJVbE7vomvm3RwCDx5Q46UE5dR3HUnHg,2
voMH6DuC2YdrMWmUFXf4uKZBU7Md3NEHZFwANLP8x4h,2
DkfiE7ph9hnorG6bRw9B4oxDdo4QDf2vhCUWEXHqmeet,2
3eKzDRJsZWndffzEmf8EbsuKrL2rfhHxWCayTp9VtAdD,2
G4kqKdmdp5ibCWUcy2hCauZpuL6uQz9WCqgstwrr1Fom,2
DsEpYDvrxRg6e5XMmjqc6gcwDGnpmS9p1fnX3JctSBDK,2
NFRVN796rdhTtBuZgVB3MtG6aQH8KLpgxf6J6Ep1fxc,2
nC7my2r9GFJGrT4DpxwgUzA32qdKyP9t6LG9tENh5xL,2
BBWd6aAyqUN186xyhWhi3nzJ4wMg3wdhTHmdzUmaaeyR,2
8B2p4nXhZXX43iKk1ghuf2qqTEi796eE6rqjYoh7hiHy,2
GA1a6nx3R7sKVBM3JZh6bQkrq3q9pUBPByXuapCTXSmp,2
Cbo7JZEmVEbkcNzfoE7V3489MKwTehZ37KYJ4Me2cEDv,2
8QoT3uuUQYH2p1yWSNc8dYAn29kf8bFJEKCjE3vGajr9,2
qx2ksar6EoYTpXRzqJ8LdLcCfnntj1FZkBjGA4Kc8YG,2
DDjBb24Qzr2Cog8daFjUNJUetqxWWpaTDPBeTgqCwj9M,2
HFWtenP2YFwFtYYtjPrxAzHsMA2HkDVqMQHwCyijcWEu,2
8gyW7hMQ7ntQvoThNvo4v8KbQqEaU8633U9rqyroXaRh,2
BMAYpPK7Fi5rXhoNny45h9PrM2ktaCaNanaAioiJezDg,2
8qWe43j8KMttr6FqHyKiEmFA4fpAxDYvsv8CCdRZWWrw,2
J9GRKwVuRNoAz6gC5CR8WN414cthunD7Nw1vrSNcnjvy,2
2oSGfNoJny22qr6baxPWhfgTCPbmPi4Fzkq12z6e51Q1,2
HJxvn5KF7uXy4ZVFiYEf6U9GpgQdPghAn34dFoPdqFrS,2
CFXtYfVark2gJ7dm4zVQXKufQWKXnDdgBtvnyTTaRcV3,2
Ey5q6SgAL8hBiLWbzRyfjKgDuYg49WXytd1WP4PZrqdF,2
6pXUDsXTSJZiq4EUEC3psxZekaY3ogezUsvuSrvfZie6,2
FC5ztvLuruFXdyD5sLKyyjeGzjztuyKSguxph9fqHSke,2
EY774qFD7zVvkzeDeGBDkhYLLDPkkZotu36Q8gSmsTh7,2
51gJ4sdAA9mH5eNW55jqi8DF3Dez8NbfQWBurWm9Tpzi,2
41jdBPQnAMKFNG8JaJPzkTToqzF44LPSq3bnSTDbzpim,2
BUVSWMoL682xTGenZtffPsrZpaxkZ3GNxttXrSoSBvCz,2
BgQofB19exk7mYDAWVYk9M3PHTf3eRPJVQi2XVxMcTfr,2
C92KeJkd9AZ4zgJ9DddcCW7UdbiMhoNiLoMbSH1eAMZC,2
GUoTnsyr6RtCqAPZzYemZ4JGWdP9mJ6LhkJRDv1Mjepg,2
6X22VmDwivAdwrtFccoPcbCPhqbAW47z25Gx8Ev26veD,2
CayLf2x1ZaBjVfXrBoYxH1CjXJe1EHUphoFYKWUaJ9EW,2
9ptSgLvu3jobnSyjgTTk6Zdhj8vAnQ5BPBaCcX9s5RgY,2
3aaYJxTZ2qrtnAwAr72ecxqnjrS4SxnM1YtkDstt6nvp,2
8YLuz56VZKf13HzVpfoVBZ6tfbY6Xz13yhdJnXo2mrKj,2
DcfMSzeEE27U8xkvNHMfFWSincmmK2ppoK3EAmKhn1ks,2
7jJxk9RkmAcbpffQGiVY9WBP28YY51KFyN8NUNnmgTxm,2
HcrJ1mYyDLeNYjDcEAiY9pNXBB53o13kkWXmjn66QEJe,2
AZjGWtdca9B41zYQNtj3sTsLxCYc1pAd5zJnu2or1pGp,2
F3XaTYfSfTCMyDETBaKnP5ZQQhszuRdzXfuJAN8QLpeq,2
B7364Q7id5QfJ2mywp2jmBsqSNVxkKiAGPEg68riggR2,2
H4TBEe9SdCsch5FH3eraprWEH7ZM4mAtgoJd2xjw5VP9,2
AUR7BDAd3jywgyYKUPjmnjn9mD7w6vDe2aRY4DTGL4He,2
Bqe5ESrHeDTcZPE3BgWchX9mxB85t1YMkarcm8rGRA2g,2
FxF9djoEYTZCbAam9DXTX1jeo8mGWVsbyLytEFTy1nKV,2
9k6yuBSKuYnLM4yuqnewewotjABLpmVKDwbYJNtazbUz,2
6V8wv1dNDiL7LkRUshQMWDxmySGkUeppUZiCXv9Qfw8S,2
A4zQ2DEZ6YLvU4LtBb993gXs7WfjTnaFyZ4QtVNopo6t,2
GaN78qsTmb2CWuik6QYFTpGqEnSXnTo77Hup9uetXsa,2
8qtvK52obif54UZRWCd8ZaNERzRMPo5Va6ZtnXFx23Ea,2
CJMK2BAzBEVUKNfiWV2s2kZ5ueosrpGhKCj4yYf3AdFz,2
S64SGZ5bB9spoHBqnQtqWwBoe3nb57msk83Sp7JEasA,2
DMxZGkWn6MsFGiSgPkLmvJMTNiBd61ddgAQJg2rnmRyT,2
63fXsMokYzryzcfbseDa4jhLtdm3ygqZwZLwpUEZ2sfA,2
7dTvQt1fmrRpMUmf5Lq1UrAvgSwnEJZ72AzTS9mu9MPN,2
EUzxULkGVctkc3y6WweEVpp1kzz44Qe3PJSdr1i4rXxA,2
BuvASDh9xLPSKwHLprKZWMyAPjtUCkoqLUYg7MKR6dE3,2
Brv4f4PhKWF741ZymFFeeo5A3XJ5kbc7YvLMEun8p8Gg,2
5LVgVMfi7cAkqy5YivMmVmHRmuNzqHpj2NjXr7Zu3XVG,2
5UkT1PiYHYaHSXY2WrPy2hwxboGroiPg5sKyZqmAYhAP,2
DLdv4UZqHTZSH5ZFeMBqyCx99k1m73kdMQXDwgdbaKfu,2
8ra5o3ZKM2yferfFiNT32r3qND4sxr53VpKNHKMnCX5F,2
E16kQqmSgsPfP2J27W9BbP4L7dKfmvrNHze58ieAE9Zv,2
3NbRPySiJ4RhMVrtPW5Ped72EmCQhM4gi6zzYwiDyFed,2
2h58nkQ9KPCDDi4PLydeLLR9WcW5J1XoiDDGXk1gCB1X,2
EiSr29K1rWEmM1xiGMmwgwvx3fM3YVPNyaCDc23yxSuY,2
CjbuNSQSBovUK29JB5NTkUhq97pX2SnosbfL3TFphAAq,2
2VFySXdbpSHxkDGCzqf1wdhyMywXoJzmufTxmtx4ZQGR,2
HDLXrVRKaejKpNRbMtrioQ6p2wrM2cgY4YN2TQnU8rzR,2
FK31iiJk2SzXy47863kt5zhTMwu98dLibJpmFiraKMZK,2
En81wuU6pU2pYNwFBggWvPtPWQPBbRnfyqd1FewhAByo,2
F1Ahcq2zpg1ftVPUH9gjfz9mTUgZXTKLwaUwpFyqhVBd,2
86fnTck1WJkbXDbrx7aarUSUVawDJKGERnH3fetonBuT,2
JBLdz6uWpdNiWonKpB5d7P8zFQyGX3Zb1MRv7BSuHXMj,2
DwNW81RNPW7FCSC9HjiFt9XnXPRVDdvE6BLSV6nZwwtV,2
3Cn1BTZ9vsSaYpB3ktk1n6kJpfSfsurSo7fz7GMeAJMP,2
Ek38zTjDfGht5ysfGkCzTeDCoE8bCnSkpPbaEDmCViqz,2
46SjhFPFHFFvcmoD3za9pwD2HpuMvNfaSurD1d5efr7d,2
2oyJ36da7fkUwZt41FgNv7MAnW5gXsHrUeLUtKjve8n2,2
F3d1jhTfEMBsWSjBU7biKFmMHR41wTy8tUxmenbxnxD3,2
7oeJD1Eo4t9rz1xhAtnPbM2eQiYVgPLGf5Mgbz7SFmLk,2
AjhHRWAUAqz4ZM3wZjQwgi5RASE1XwddjNQxNQM6AzGn,2
EC46bStYnHzAdhVSvtWwQevrfWTMwunqtg6YNiz6o8gx,2
6PZLrDhdFAKtgq2qvbZ2DxjSbPtdwXRuW2e1iGRAFYnF,2
6kemYGYZY5EPgrG6Rn59jZkTsnPjbt1hDZXY6oU9EmDS,2
Ds75fijXs8JADpDZM2oWnpnKYxVx68TN4drB4LGpKxVd,2
yHDNmirhvXdj6j367nPc3DUYidukozB2UePneXseidD,2
6RscwM1tgrK6M3o1Apacr49upaTQLZ7biG9Be3D1gzda,2
5TmBGHSA8pgKZyxsRTBZme8LeAnGpkMH7AHZBGWYzLp7,2
EmTxBbR1NjZWmVEKwGEXqav1JJtF8ETZ2CCEuq3iyDpA,2
5ahzGHAb9MXusNj5NMNme14K3RNm9Y43GRYBbe4iR7ou,2
CtKBQ1wK2k7d36LCPwie2MkR7Pva8vwckxJTmuWv7aY6,2
Hs5QZgV3YgnFLPEF6FtJwFuBa1d7vipEYPJMgEh96f5,2
794rgWK5ZQ2GuaGVmkntSJbwVxYyg64MBhxMvZVbpu9w,2
CXPtajy1LXxAZCHrEj5E2E4yQ8bUy8GYVydEYPdQ1i69,2
EvqbVXzGXXKshz1pJpNgFRv4GyFmx45vHrtaED5gkiBY,2
Eua97MuoegxhKGPPQwpaHondWoug41ej3xJwQpXpjVXG,2
CmPHiyt5LxyRX1gcCg7VMLW8cajpzzpJysE3VC9dFQs2,2
AmQtWMp5LE9sgwbnKkpYXnrBK1VxnwqS5Dev7XnWykk8,2
95zbU5gLQ87oukN53VLraWTcoab9zFT53a4uiRKYNXHS,2
wP9KGJhfTx7iNCk9qT6fJnz7GEbLeGAZmLFa6Fj5Rho,2
GaN5XvBXMvZ1FfU2bB3tMy14yYWf1KtMUGcZ4zzakN91,2
5B8x9nwxyas7AntXiGGncA8DxDYGKH3ubCnwCDzNy6Sg,2
GPiqogMhcz17a98UJFWDfe2YQvR3xPhSh5XyjeJnbM6Y,2
43W3KaghNd9WGbuz9HBJxnR1aJBYsMP93jbduMhSEPT1,2
EHAMkPhEmCeSkC2DtSBxLKj4czmAuG3cJXf3EqChx4do,2
BEUz6mk5kmus39iWjEZhuGJCMJUr5C41M2gmi8PoVj8h,2
4unxrF6pXW6Eof2wDQgEmp3tx14ohQ3nTeHiwCGv8njc,2
D63JgQxG6iJ7Pi375igt8HMv5pFPMFXPEDGpAF7xdqPS,2
3MLRvo7yXpXZ6v6YoWdjnP1yB7fi2LPaGg5KRhXEYQbE,2
28hJn3n6aBfFc6pLufVjqc2jJVYb5wMYcizst2Ms4mwX,2
BCDdZ4F6o8nDxr1zL6nZafi8vooaKRTbn9pnYtXEHese,2
CMkwPr22VQTCDysQAbPubYoDGTBxXy9bg11bePqgUroe,2
8skAB9fhdy3zTiGDFxAcUPrb2sf3uEHpc3NoBSiHxtjo,2
7hNcb8S5U4E3JpkwoqCQRn9VDGxF2xFzVjGiTyhuqCR7,2
4XP9GvcUnYZRgs3NH8VVZTXGvaAGpjXMQt6q57GPNagV,2
8KgXnJNcfX1NpNygeLwcwmtpSv7siQByXvWNCnawybX2,2
F3JwmvA4GHq7ieBVkKRHa2R5pq8UMoNP9JNuq16UG8x7,2
8CbCXJHrcmXu8tU63kAnbbVxJg9kNhmEmga1UFwV6JgG,2
6kH2763iGLtJEMFc5H8LStn68GE8md36jktjUcVkbqMV,2
E3NvLqvhWDcuAfsjc1HYdiWi82bKbgj7jt1AeWPUMY25,2
CqizpZCeg2WUTgVji2iUzU5b2Jn98MWpcBhT5yLXbN7S,2
ABMKTxssmPtebH6BX9oqPr9c5RBx3y1J89EcNGSMjAv3,2
Hk3cvTKuufxrARJsgb89J38Vjwvyfx5WNHuVMER3yAzW,2
5LcELo2TaPeikj9tRyPigSV9nBUmPW9kGgxJiLEmejjF,2
HqDJxHqMvd6L32yqQ4UfLfHzSck6JYv1VwXMFdMpnBd2,2
3gUWvAyw1XEfcQwQU2Lzz4vpcwu6ozaZVKyHqnVH1Yfj,2
DNqgtXQRRybjBDcHhrK7GCsSPJLaBGa7NuTJWfJY3v8H,2
GqpSstFwnv3Upfxu6MAUZaUXgiHn1HDZBeU9xNZzumCk,2
ENERdrhV7WGGcr3sPeWVPApq8fwdywZq8hYR2GBpXXq4,2
6X3wZRNLcfthczytRowqF5MLGtBk6XxQCgoQ4QTyCAHS,2
6Rbc3CTqGXF21sacHqFCW17xGaiabQDPtiE443GbkSRU,2
C26ghJHun7m6gSQAryy6eprxFJjndnQ1XRFrKhtk5Swi,2
GeZZwTjAu4zBp2ArjsxBw3pEnxt1HgDkKDc11oSjjWRw,2
CHcMjvbsxS582yEQpWsAAWFpCpx8essKDobWUjwiaspj,2
HBtr4NLctmdKNZC1z1mmSazaaK4hDVoty4CrSG4RTpW5,2
DU6UuiXj27qcsEiG9PQD2Nd6yKYeBFrPU3efwFxgomxB,2
Cj5HpvffHYb8EM1gE21uzHZrdWgjDAUhXKKvtZ5sSzU5,2
96Hk76K7kZA7xsSAA2aHA4drirS13oUdmrkp1iGvNgQa,2
CazMdTcRtMtRoKMwDW5wmB8aAKXkGBrwcJvW3kGiVtd4,2
6BW34ZSoKu6kgF6H8Fr1iY4gJU14mPPVC7RYDiLGo8K6,2
FUaTBGnZQQxVZje8vcBYzYGo972yDu7FwJN2F626w6ww,2
DyxkSeYHRz8WfAvpEsHphUbmrYUxvmJiJ4sJ7b1PaoaG,2
6riJPHGnPn61QCnFcUjCErKH8taVErhTA1xPVxyvJWDe,2
8oWWXCFCuettU1rt4FrdPQsbvfPQUDQn96B49coyB5VQ,2
H3CnBj88P73kVNaYXUrc1p2CndpHAJjmYXYZAYDTyWGf,2
JADMVawA4TjYw33D2KzTRV2GSpprxYMpwb9NQGpzV6nt,2
5ocXpsbkeX7nRUnBnJpwDGmjgbo62Pir14dzAKZ4NqnX,2
awta87Vn4UoLpCDyeHVkT6fcq5pYHBzXKLPEs4zNdWM,2
AUhD3TUngFH7Z2gNVEUAXTd5w235uw3qNtEMYXH3RLgE,2
3MAsDBEw39Aa8EocwqAFsj1jUDehf3ZH3j7kg9Vrmcz6,2
4AN7q9K3pPThgHhFMKqtPiqpKkvn3kMvmbBwqK3R8TeY,2
6sRFZdu9yB4twRoAfvydcwoJeCB5fd5TJ7gXNpsYqRAT,2
6fgSMABp9HwnvbXKErLenMwJ2cgQLG1hxYfCuk1jq4vz,2
CQhc18NLQs93hJhG2adCnEevHrnXMfhzAj5ECdvtoQZV,2
5cfMbDfGXdLD7JAXuY319oUk7rmCaKJn4eLtwL79xp13,2
5fLz3ifi6dhruiJVPER3MQKkf6U1KsbYRughx2c1WDvf,2
HfAydvgGZMXUjSBme5WDJM7trsWGk9NdaXiQ3Zn6nDqW,2
HfAzevJPAaB7tpKq7HoKK9Etr6obJ6QUM3T7ffnDDhdM,2
Gc1xK1WPAU5djraGafXUFzGQ5bve2tfKBY3GRDPGSDz4,2
4BAFgHFmrC5oMQWbAfk5JuD68Pwe34MBBfBgEsukX8eD,2
6TTBR7CVZyQoJh32HwerCdPyHdXzXEr2KQhGyDkenfrn,2
Dx3jy9pVmBcdBuiTSmT7gUNdJj45CJ2xrTAtEySsMFAL,2
GkwPZdTBHudRHSnaRMEwya1TUR2tXzP9RruEaAcnhnCP,2
FTpXQwRpXZymA1nTTMk6QqNhP6aTfsjBECCcXJJxoHEF,2
245ZFfk4LNhGmUaUtgf8PAwrykNHxCvwNvJBBrEez7TQ,2
2rjKELWLgkVFg5b3rk4pkRCQHrrJbkAQG1wUqDZkwAUP,2
CUxWSsDtDScrnU4mSsQ8wo9jd187jrjigG272HZrgKr2,2
Gp3TPBY57BBNRJANqAzjJiCyUMhpRWXhFyGaopYdfXw1,2
H5YZH5F8XaHVxr5cafmt4zCxWi4PEbpA5SXjrMRdpJg3,2
H63fDfeoHcS8rkivE1sN53jwxqaW6A2eQLB7pg33DpJe,2
6eCjRHfzdJVV1Xes28z3id3bEvmaswjUDKKcH7W4mj26,2
4BUdBTNhRZfGSPQtbienqa1qwMshaPRM1Qg41FKCkrHN,2
CZyv4ABaadFKK6DEMEF8UbZ852scVApk5wmhMMuPuRLE,2
2okVXur7axZnGiF3eB7cwYevPi3QDa9eoQ9uAE5jA8EK,2
9Nf13MSWJYYo2NteaGV8BouYu2yCPC73GMa1am1wcg3R,2
GkSPPXS1b9h51j6drVfgpfG7BpJyqTUgqqCJcxCT3Acg,2
9gL99ZPWhjBqDViaVJ9xkwnUtbMRjjkyAx6WFYYV6cNo,2
G9pmn4zyeAXbk44VRrwQhwW86tz5hBKFbbPHEXQovkfS,2
AxWPTcMEb4ybD3mEDgUqVw5JgkSihZeEtSGVRPcVid2V,2
CobvMzk2kioNfgYKZhmdKL98a1zX7o8Y36aoucgv4eKc,2
64CL9qhNmtNrFUMjt5vJQbuc1wKyWJZxWwMcUFRDiKob,2
9JgkiCKhXECni664Qg5fD5EhkcJNeoQXdC7dMx96AaEq,2
FCKk7WWTYg8x2pTxbQWyFnF8itxsyPzmFcbbr7q9QWXy,2
9q76h1EQ3tJqLGmiD4X3EubDxsUVhAF9nrnfnNFMQdei,2
FQJVGTLnqxmTdUNLir3vd5x83ZJWC9BQP2CKPFYoaLKN,2
EoUquNd8SWYHfdkwh8fu6oNLP2oTqC3aRGNF4SArFG1G,2
3JKhFFdACgk4CexGFH4KgwuEry7fJaypWeUYhZwzCywj,2
5rD61zdfvEf61psTo31ByX4maQpd2g52cZmjRMjB4Rtq,2
2NQD9LD3vAjqNVFf4jnFF2axrzTbfm398y9P8XgT1ake,2
DSK3G9UvRRHGwg8GH4ughx5rwQugiZiDLR8vwDBAREeU,2
DnGQqKpA4AwhsLc3TbqQyME1FfzHtQ338T8ECXLFBPMc,2
FrvhurQafnrjnsjmYKJrVZDi2iwJqRB6Wc179fB3xTyn,2
AxzdEdLjdPrK7KPLe9aURmNpcuWwPW12D3G4yssqqzD6,2
CkMXUW2ybdtT7mNXqpzjpRqg9Yv3EYPeDA1LDsmjmBAG,2
HLmecYwUYrmNkJu8xVbvc7RgqL4NSMA9kxRk3rCAHLWt,2
7ZpjakapGPY8GhNGgPmGgSYXbMxQ8SP2MHLfKJMrzB6u,2
EkQAvYa4Ek97Zb3LdtLBTcNeMEwf9yZbTGzjPjQnrVJ4,2
9jTffE7X7b7Hwp7jWsXTbtXs6aGgTmmuK4XSTArX1qMK,2
7durHAkxzh3qxwdxpvzMPNAcxmDtzHNSvkAy9BFCh8yA,2
ExQefW5GihXRnRo9HGMMYTrCwe1BPscR1HN8etBRCz3A,2
55wkMhZRQjZptyQxM8B6C1TThkbBjZqkTLR5nS1c2Xoa,2
9Vgok8GhBroKRYvppuDHUr9NfL6AV1VdXSbDWyScy6aX,2
2gykSUtdVZMkHDDHgtdLeptEPxfhnKAGPp7vmGcWnpoD,2
8BUDk7kq1LLhS1qwhojB45kRJizwuZ4H6vXgg8i4dYce,2
4vFsptfASSUS1HKK9LSN8PNs4V4xPtux9S7MaEpUofK2,2
GVBUQ8wp1Bhusn6eJrhtgpN68dJUKWFTspBZR8ESXCEP,2
9zp3jcaYJJkNdBmtuPHp1BUJW5rhP2huUDqVBCgJkk2D,2
2ThTzigUJmcpvFv9MeUu5ST7qhGeHZMzdMKp6QVJWJUJ,2
6pbvjGY2icdCE7my1RdtG4cGTpZkkedN7fPqCzSageAT,2
DQ4AW83BMEfEx7KiLhwZuyPPMGQFYt2bA3FuzvFC2wCS,2
959bmieKKUEXwi4tnFNZWdYRvz9V7GnaqnTHhQGgRD5U,2
8xs4kD5mwidqjvpZo8nSvUBFDwsc1omtDiMCFUBWxLRP,2
57qGGdUuucPZmUyBHTHTU8J9dLYwDHrqBu1sXahcW3xr,2
3A7gemWQFLZaZCLfNXN1JQgq6FTMUKP5DiZzpXFFr9Gq,2
7rKTKUZwn6A7gqCJKQ9dJSaQmDB9TPSmki6xRoMaKU2f,2
DN7YQwgbjjTtWdQCJuq7dsucLJTZbnB4Yk7yASW8GvY2,2
9e3Df8ckcka7M8HYemP8nNBa34WqXfZRfRr1PBU2nkVN,2
2wRC8oFq4NakBgJ1Em2t7JE7sFTCbSMPwAvftSZAc7xG,2
2PhbPjRnj4qRnqBWiLD7aU7yrJ2JmzdyKbCqzvQs2pwi,2
EKKc71wSm2MGvqWAotyNcwrwrU3yV7FmvyYm9xdLrhoV,2
3jjqJhqY7YwGfWfH3tTuF7ixjxxLoerb1XDaMwrYhtHX,1
8SXesdV2P1MLQjygMPY91GxKntcutpK6rgPAAxVJLehE,1
5Vc53JUDoqbFumvgTospShKXrQN3rDqRHnWnyuQ3ZUXB,1
5aw1Z2S9YeYDTQ4TAamUCYiM3Rce1jY22stxKZyd8VJ4,1
b5bpEYqKhRjatGWCsDFDbEDjJeEPxNiH94pzfHLzT9q,1
BHDzk9yqB4goANKzgu4xFZQuk8Ag2n3LsseqMKzcAYrB,1
C3zBLr69pjXGAN446vPKQQswGDQnAb3Hs5to5DC894gT,1
78TsHpWnBtZCNxkGGxUPsGdCXQFvii6Dagic1MADDW48,1
GpMeuQ9o3q6Zp4wWr3BJDUfthhnFggyAd9VCJ9h3VCPH,1
HAT325WNfHeUTr6St9As3YjWhn4QEdiu4zaaYNvyypjh,1
6EL3CXchF5qNM1kR88jRfjccZVTUwG38wLQEaL4crubd,1
5xfsfFvR7R8cTFLnRzzmbQEtyB8VNqWwoGjS3DrEYGEf,1
2xrAvxGDP7EXi9uVx8tdRpCMG3dpaeXAk9FSeYEUHLjt,1
AbEWSKqhYsCWoF5kEDDSVHGR58m5Fu4BaECgFd9d1zMf,1
7XMEWsxqL8u1V4HmfLzxroB2AEsG2y8g35NEEe6dCRaF,1
78cHDJMR4QTstFcgVqUM9LAw2q9HEYdxMV56RP7g9Yk9,1
3hPG9TCWFyayA4fYJxyNyKgFYJvVfazrSxxHXgEDcJE3,1
8Y7vP99fua7awU8en4NBL1yD5mUhfbgabfg5XyGPtjHu,1
54YgxE3GiKAsW2wjnmuhdgYmwUW6akHqK9wjyQoh1umx,1
7G1TLd7cf7Jw4GCQcr8V3kfjUHU8iGK2zYSC34uMAUyE,1
7Z8dciRoHEWsFTFaKhViGphd5nAUfN8Z2bGVZG252p34,1
GKtsHc12UBSKQdUN9g8YqZcBoTUpoUkwVnY6dowUcMNK,1
3rrHgynYAhgHXTsqfV9DEFmzEgGm5Add6JKqSk8wrhu9,1
25MnURJxiBQyg86Vm9uLS9UD5Dzn7BQ7vZesheuHiCxv,1
78NvUvuvHZTmnBhmdZoFdbKzadoXbaoFDjy1zEkKJJyT,1
CEzZBW5EExkbNQN5Ytnjh6e89f5GuvBnUsX7HsbuxoEZ,1
2DRrVZ1Bjvme4yZyGLFymPG3jsyKrEby2AsYeWKU4TZQ,1
GpZoRQpaBPTkXN1Pc3aVq58vZU78vtR4NESmjBju4c26,1
GyrzWsvsPYmnJ2ZSpxu6tJvFZR3q2jixuCgBJsdtm9kA,1
D5GPxuZrjrkq5FxXgEZKz9vQYtq79g4UxCNJFA65pddb,1
Ewh2yG5tpngzd9kSnJEbVLsecezmbbm8MVa11133DELy,1
A33gagkJvZMSkSAJpezuo7XDCbqe1BYBhiqrKuru2nkm,1
4im5UNPdHQUvUSXzzXE1DHvvXfZDSGDyXXfoyAchi9Qb,1
6USSuKp8Jf14RHCxL41WQ5fZVd54fH8zy2NnAuoDv2GE,1
c7gWm2R3Fn5RFDrtrwhyuTki1WAvLwB4JBqU34eW41v,1
LxeW7Py4fm8pU9kFkLppg86AmzdCCDYSX9187TjgYR2,1
FwXrQMN7NukpUVUoZjP98UoATQVUUhuEz44U5PLCKjaQ,1
DsPcy6Pxrmvutkx2okBvBrxQN1YTc3DRj3wYK9DRggtd,1
8DFzcSJnZnP51GWsbefsuLSw9YFjsDWnx8ynrR3Uti5r,1
8EBBdPojsmqESSXHQ16F4ZDatWvymRFX8zwqhLZsnnFy,1
5P6Ap7wf2dd2A7tHjS6fvTugBdDiWNqNfUiMRm5A1Ljs,1
5YVVqV23jLoxUSQo5eD6N1Z3AJwQK19VNWzDTEctpXP,1
5u9Zc6QtyzKqNJmC1ov9YUr8nmu6LoovREH3DpmCLm7v,1
A3LF3zujYtYHLNHNXkhpTBk4GXmtdPkqovzws75FoqB2,1
3CoPqBfWTEmg6ZbFBEDLGzmzvPxQMfDp5viYAybBiZe2,1
HB2Ut2rdJhMpLLac1bynuyVqxjJTm4D24mD3uX4vGe6H,1
4wznTEwyLQuLrTZvuqSwJsB4qLe3oS3kHquCkwSZ6Jez,1
AAxFe6H3RiHs493UWn38dXQ2nFVmi78JfeqKT1Kt7VvC,1
2rm1rrhnb5nSXSb8xTG88nhUvSm9UhXW1cxJLzK61bEj,1
CvhMNUES8i2XseepwREaw6ww9yp7Y6Y9oguVVDyXkQ2w,1
ALi6iAECwoLcFGaQqm8Axw3QBvz15EEFAXHCSN1tR27r,1
DRBvcp97kjPL5GitMmfbQnoSyGLs2a9H5J5FUJ78VhAq,1
2LdHogNZRcE2JzwnQyGEqjf9AKscGVcf62VsxMUqVWBu,1
6XwZ7ay87oZDt9Cxodyv4WKB3oxi7RrCWdooEVvARiXt,1
C8obzPiNSLqkShU4D3rvFgfYugR69NL39FLK4M6HQAAB,1
2Xnak75Q4MjTdGcoQv2D48MwC7dw2LisoUwhAnbo8iYS,1
8sDoiCdBfh4HnTGwYKeq2wozazT8HuE5mrMZbyUBZG6R,1
8JXEYXiLQPPFxcAfgff5MEskpNJd25fgtGqZCs4a91da,1
DXZGdsbRG4zRdm17t6B5UotmaykkTNE64Z9NsFMP61zK,1
6miziAXgAhoBWi835drJimYyCYH4tVxWgcp4acheKSgS,1
32iwnvXyqWinZzuHpAinZvamrqmKDj6cFcVVzjakMPZN,1
J9TstX4SwNWsGDHQ7kKdgV3CybyVy9K8zWX5ReQ7vqeW,1
9DstG9ePcVQLk7MxGKCJYVxqzyTvJ8TgcEnJGRw7jVhw,1
CftzymqFHEzSSdYmjC4xHDcyKtBzkmp9fqMWGwVUensq,1
7vj3JQMJFesJYeFyAhrUnNkyKyGu4HWYXzGyBPwybjpp,1
5FcR3H6wK5xWQc3RtRyMbS8YVGsRuTpHUeg4CSymryQ6,1
2t51JPCBpKasuKuwTUQEG7TWvrtsmL8yRfn6PrPxp3xD,1
CezoTVHDse3oHfhmdrYdbzxybb87as3DeUv4DUNtAopy,1
4466JkxtY1YVovJzwRao3LWSjpyQsHtuYwZym53Pesz6,1
EmNj7voPqixCK5AyUkT8R2gGUsq4J2snmbMqB14VRLE6,1
7M7JWMRncarQSMrzRYqWo6MXih2S77RecubBMbfoZapH,1
CwohBvFtUYNBjLTktx4o9HnNKqQLPYHnbPtGydxEasHD,1
8BCx3nfRZwm1efktSwoqxo9AdNNkb1icZkjgoMyYAX2K,1
2Dp6Qx1qRpiwzBH1L9zfQ14HsrmvzW4dCbGK1G3AoZ85,1
34yPyAhjrdHBQQNsuk1Gvooaa7paADkqYDFoTBJL1nyt,1
3nJV3Vxa6YKsf9RYrA5DfhMhiMCudNDfvJM4BbkSwG27,1
AqgrWH1tzAY6rdzDwbgX9eMWuCM5nCudTNbqF66AAsz8,1
DYnFYGVBhUPCfZDmDxsJ9uAoRKCjN7WofNbtY5u2rzgB,1
3N55t52xUTp8fqcsqP3Ujy7rV9zkciPZuBzpAveEgxAy,1
5FGtercdwsERykXmTEbuDxN6fhnM83PYw8o6qyGY9hFo,1
7EBpUi6tX2vg1FUM9hCpQGgHmGz94ADgwtXLJdTfoAqS,1
AZomwExDJeMtG7YDC8DaKAFp3yUzCp8kkuKEecUddNK5,1
2WMmkuGPGAJ2UZyYkVWTN7bpPAEit8HLBPt8qqGg9YF9,1
FdM7tiFAiNfBzqv1yQ3MbiViFBpGgu8omyvGwufGzbyV,1
6BjSC78eKyum1vwrj2Kt2328tFYk18b32a9o3KDN5U6E,1
EuN5ATQRAxXYbfugMX6rtNk5hgSCA6XPAxafSUJmbQPP,1
ERpAZmKieoqPkt5tZpzpQ28Fh115dAq3oBUDDMzLE585,1
EdTpMqifKEV2boZP8BYajip1x7pBeHkttEuxCFysqVgi,1
8Tpt5xr3pZmG1Yr4eCb81wXzF6JrqQLPdxgm9wLXVBfH,1
56Ti7jrZUw9Hy7tPTKHQno6potc7Wsnc7twoCrHW9SJ6,1
3BvPnhXK3RzmY8Cecx56ijsP3Syc2TQ4Ku6MYcgdi4dX,1
3tRW8Md5KQhaLmDrdFmXur8iDgpxqUZBroFPHYDAiHu1,1
F3qxbJMyQsm5b1VmZDLpu8nYNAtL8aDccsUfNQHLzjLe,1
EnvqJtpbWvBe75zN3SPXraFUHcBcvSk89SNDWzEpgumQ,1
EwuSSmBLupYiK4j3Dg463zSa56eyYmPGN9TSKaQwi7xQ,1
9CWtupWYtgGAMJmPY55muHyTNEyrFuX1dkk72hJjH92B,1
9roYMCkNXbHNG3GAC2VCBuEZeN8YazYuvwCmZsBip8A3,1
2PHniCTniFB9aSLMhGYh7i9NjS9Dkh5tBFuoY2eApNcM,1
EucEndhrkMqvE1TV5ZfGoy8VJG6PxHSHvU6BVL8VoFwv,1
pQtMqG1o8RiCWbZga3z6JrskCUNcWUysVqgcv6Fzky8,1
FeRjMXGr2HzWKKtnLi51XB1Kv8C1uSxpzU2MxfPvxmfa,1
FW3QwvJ1ygweEicJsDYTR7qovboovng9NZZRjJ66mHGy,1
9YG5T1VH9BrfcvfAhh1u43UM95gutjX5H4JEh2Jhq7JR,1
5syYSL3dKNuGVf3Kb4ZPhfZJ5Tz4CVyJCN6iS6Zbr36e,1
F9Sp1uVm9t3AeG6hqP5dezLFxEPcubebx7GUt2TXMEsF,1
FZhdNQJMWvySt9aEePsWLgwpSEHbmYLqtUpjdvPuJEqS,1
CcvMVUguP4b6RxNssgLC495oXZGoy8YUY3qsCBnZjU8d,1
G8s5oAsw5tosHgkW6N5Zxy9RyFwuQgnopXzSWkGTKi1o,1
63ogBFPxPo7b8dmqkwGFehQCqZkcefJyJsrwTNidGxy7,1
Ax5ib93RVz3s4abTzcyVQnYH8LktDGnNr5ju4sV5LpvC,1
APBZ7HSpKbhQcD7DmaDvW4cEqvGs1pRC6nXdBMK4mP3c,1
8hkJK1MGYYzPz2QZNVYpEga76wTVg9gYqsT6D8mKHgk7,1
Gd4LhLZ5b2iByBoBDW1ezbzbxS9gqmEtT7YnhV34N23N,1
347b7sF4dxEzk4pKpo2AEyPzubeMRmJXppGGigE7toWi,1
2F6YafCNDXjWGU98bJvYf53k7gz1bQv6ULhakRpDyk1H,1
2bCtUU1zVDs9Wa32epBXxudRWrxsWtEBp23uRbgtSatC,1
HaiSULkM5wAkZbnxiQMgZxz5X1voGwdo3zcS1EY4Hnup,1
5ciWC3PiF5RMc4CkR2vNW9qJTgcpg58vMBWhHmWm2owq,1
496rNFsXZB37BqA5Wm3C1rDt4PVgM3Zdq7H37CuAcuqX,1
FNwtCv4VnR88z5kBRoczwQdkR6tkxAnNsEwzsM2ArN8x,1
3wQRNH22mRaZSTadXvxJa9mFC9FQztQLxwRoVVJe8t2N,1
2twS2qLKbGsy1i325dgdxwmiiC73cEeqAJQGVua8xa1c,1
J1v7YohpRvebhAD92sTX2U5yaXxq6MmP22f1d6JC3Lze,1
dhQDMnWbaVj67siw6x8PZ7zJecKkoCXNy5HWf2GyqcS,1
FTpe4SAjcTLxuXW3thg2UtwDvphGMX3dj19VPpNw8P7Z,1
E8EagE1Ht8ssG4rUCAdboTv5cdJwjaEDsP2jYEJWKvzR,1
GhYTsPKLCFhG9FcWvmggTduMHY9NBrFKR1VE3VtAtAVc,1
BGifhKi4FSob2HiKQsL7Jeptm1CS7o28HXHHjdpLLV78,1
8vCm8ntH9eB6Lf1bCLsn1AkLyTUZYwLELGn8X1632xDJ,1
HW59w4DysztXutw9GhdVYQFknv2FXWapLYrSxwC34XXf,1
ExcEFnBCNR5qecfQr1FC8GnoHUThizVeuU7TJuEfTcTD,1
5V5btm5Sm484Wwy781eeEirWQY19Z6Eu3p8tA42NJRcL,1
6R268Kq3MsUezPU371cHWEci3o4LF19Hbw6eTbqcDPpJ,1
76mNxKjE3KAMVkjJuRWc76FhxM6zuZBZkFG3wo9LA7M1,1
D867XJ1Jc7qZ1tubMN26NNENSPpeMbFBHWybyY4DtDoA,1
HhuJCViqUewRNXrhwNuXCC7gqp2o1cUhx9a3nqEGkkqt,1
EL226Q669t4rhXsdedNdPysuGo6seNhdnbWLgE6ZAf8K,1
ADhP75qvx8feQsNL3Z8ry9dwgJxawiLkRCSGaEdqwadx,1
5W3mnG4iiFoWxW9To5m2kKopV8cVomfEppUw13eDjLA1,1
E8HVVizpp39z6sSsyge7USEJofXqVM4J5EBesM7rdQHC,1
GXTcZ5EjNmjTBjDvDLSpmjoTFQ65ZyWYyHy2ProofFVa,1
4WPhJmG7QB7Jg7KRuxvtgLur3LzYbHwKNyKaeKRVUycR,1
8Mn7xwTsjdpGezCGK2UTf15QZ8YMzm4L9kSvNbdb5TdQ,1
2Vabvxnrc7K4qKsQ6ozabW1vaSo1hSKoGKG7FQpqh3SE,1
529McQtWumTHjXozAEg7JjRJpKRyFWGVzqcv9EZ4GWZ6,1
CvhA7njw7ieJsNzoiEFuvCn9ZyLWpL9jViNKS7a2fCUp,1
B5m1A1MjTANDK4qEE1ibC3fZCY7wmACS2hr7NsuqJKTD,1
BEQfnmwdfy6QYssaAMEtJzqh5CBHytJDes6rpMU1eLYQ,1
7xWbNZhK2XMJNbmxbiipUEry1FkEVjc734CnY9srXPfm,1
BvAYoDHvuw992WkZKSRQ1Mz3U8W39LXBeHxqoF8yMzTD,1
GactyKtJw9y4TLnprjNS3ue3UBPiZXnwxk12fraeoqNK,1
B6qVur4ytgRMGKaYtewkSC9ck9j1w9wxKJwxf36RRV1N,1
7eVJsXVFVPhggC7BnEZB4buBSAKd9h8iM6eiz54oQEuw,1
A4HZkPFbRqCbPDMwQdQTTnWtaWpwKzhB2VDJ6FrHGjYr,1
En4echRdpYPPoyLtbXsb3Fzs3yEpMf5esz3Yzv6varYN,1
HZUVua6xqg2p29fz8EXGo9gLhQ1V9Sm77MQB7hxtc3aU,1
ETNVyVJLHMjwziViqs4f6ArH3zWZZ5Y3imvYWdFhKVvU,1
ArY6p63pcUNS7jMbCRgcNgYuEwxXJ929sumX8n9p3WaW,1
Byu4QfSRpbe5Pyg4psNQtMSi3XqzthdibHRMRLCM5FM6,1
Am4DmYNZHNU3GjaMnkThAfy6YmwDRY7isaPysYVA7pPx,1
EzvKaeRz5BRQGUREEchtya3Vh87iYkh7pLsc4Am2a8F2,1
3szFSGheBiPTTyHugAojDzXQHf3yB5arza98A43eJuXh,1
AffEk3dYPAE4YzfcyswibE93jjA98ST9mBj6jLZbjaV2,1
DN99V9aXDsZv1cYdBkrvg3eAtmmGxXwS3haedrJkgAk7,1
AUmp4FopV5pU5gNSYEc9q34TbX3P18qo7q6bx9sadPHM,1
EpP7gCo44uM4exN4Vubxs88oNRkHR1wiV535vJoZPcLi,1
SLxRJAfFA2HNSZWHqJGdU9rh5ETRgYXaKQmCZ8KTTeZ,1
Aye47D6o8q5he1L5ft6FaVcrikhyiWqhaEPxfZmriT1U,1
5ScWU4XLa35fwFPXKKciUeu7Vv4p5G1ywEYWfCkbRqTT,1
3GBXc8kReKbBzQ5gZMqiHcFwbwDjFsAerovHTwzcf7j8,1
9DjDmF26JxvBub4d7BL7K5GXxZLKnCYbdrH9ymQshfrd,1
7ZzZW52jFLYWzKyQpcnxPJXHGVc7pZgqB86N8rvp2Jyn,1
F3aTed5HwnQnoXiyWMFytAUQrQhcTF7Dia5jM56kg8KR,1
8PERqgXuy8KoqQ5T9yPJ2dHmVPgbGbgzzbUWdzW7yeEH,1
4x5FxG6hctG5JNaoAkiheoPG8YV7YVshXLtqXDXKNx7j,1
GdDb28tv4ntm3VJK9SPawNSg2ByxmPuLhAeHEN9wkHnv,1
4ic42rBRTV2fxBQ2mu7t8CbNj7guTWJkbavHLtfou1kD,1
HDnV4ci4RhQN7w7pRyCMxRcjwSrDucfpSSB2zoJpfRFG,1
GdmMUwASTdPwWw3XQRXYe6q7wJ7vTrh7jQSSZSHmthWq,1
CRrfkWBK4VcJfw6fZ54CEwfbv5vF763QwWqnFeiYL94k,1
4r7kiW6QJYg39QHzgbiD4ggDnJU2GwwYW4tyzCsYP3E6,1
Aw4EQazaxDidMyU1sfgEstGjVBqD3a6vaahvobUoFurm,1
D3uPACAriiCscTpMWYj3JpmCESSQUL811q7YsBfAfRcR,1
7PhiRdDcNYsWLYigLAqKiwHeYXxD2iJyRtkkbdhGHwHG,1
C4KLH6DK6Cw8opsR66TqWYyxJAS29KgrYN6ogaBoG4Jz,1
6st6daYZkiZCDmbARk6Fw5zWgHChb8RYZo5vq9BjvSrv,1
Aanz6N9s7VAL9CWayf4adA8yRFSxUFVtVVdHorUsLPWN,1
Vi1frqt4csxGKhwN6LMsmL4TpZQmgFZS8AgQVhqbzsF,1
BCUUj17HSpg7nxJayMCW7tc2kkh22k1QAwuC4aPWvL5y,1
7yrz1C5RN1vr5Ys3ibAKDR9rWDrvPE2asuoFPDz9HquQ,1
7vJWbTveiBJq4iar2XZWTWPwuA1j17kv8hZd6R2ePbtt,1
48jhY1Ugre9wkiDxg5YSCXFa7Wfq9NzPbA3qkx4xjEgh,1
3cppRjjCBYJMiZFe93XJg4JWjJVbXS265e6xDKWZJsxP,1
96UL4VEU9mYitUuEvdW3xTXCXxCqv1r6WzrnpGKrCkGu,1
G4cEkgsTg8wayh9JWxW686zcKtCSJDH3Ci792JUky1SL,1
Ci89S3q43GD5pg2gxgo6H9ddnatKDzQxLkfVpsBR3Epz,1
FgsaYg9zBXw58udnBtz2yaxChRX9YGMdetFjREpMd9ud,1
DvqV45MXY9qbzzEsUEZXoiWrC41dgCbh7fv7g8S4qFs4,1
HUbtQJA2bqkCeTshejPCYWBxrCCqDVUqf8FGGXHsnYNi,1
B2Uc4iZ2DVAPJS8CKipXxYcLYp3GKjp5zNV1EQQVM5Fw,1
7MCngR16qJwjMLnS28Wi4RYcuSmYjXCrs4Bc9ZS7piJS,1
AUTmkgh5hP4emw6wWHx77vszKxXcoPRy5Bq394WWsfoo,1
NRmtC8rjcX8ZXZ1afnz3zkaKEVyYpJHn1nrVbi3hpMn,1
4axaXR2Zqc8HTvHC41Y9LrG5gS1Ehdcbf1RqYAP4XAkZ,1
5wgk3wsDn9Gg6u3oVo2t5GB2MzufroSDtwPvSoVDxkYc,1
7f3HGtfooraohFDCAeE7XHU12A49BvtPKzNABzCytsbS,1
DCy7MMURe3LPVESAiYP4Bdwjwtj5YNRMjEjtvhC7AdLw,1
4BMD879eyMKq7Sm1voSHJFACqQsPEATGTWXwCJLYjH7n,1
CBb78fejLVmWwDyqAX9CxoLJYBWuKFsgPJdtWzwg5mc8,1
Cjj6BDqAfvJSgrAF3QccbzVFCJvTe7CwPwwqbQW2Aoyz,1
3hYrBf2hCy1bqxtQtd9P6U1vnnBehw9dbuizsonABLgB,1
52FczyrQLGDXpySmEbkgo9N8PDfEcL4pDu5mFksJKKzX,1
6WNR8M61fG33m4ETnENrg5iMqn8a7cPvA66XvhwVPscm,1
Ph236fCmzwP8z7f9rjScv9zFCXkvi2BCaHDHyzEVEHh,1
AwWMTRimo66kWwuYXxwgQMQBEej8chRgxaq31CSqCVEn,1
GkPfDhzHdjt4GE3dR1LMC4UL25eQn4mXGCdid8C8tY4Q,1
9DuE89Hww41V9RUP8dYPWw8vAFvWRZMSUGn4Q42ycRYw,1
PTTcjNKmZcyMS2LZu3iKMpm2yA63272ucydBbJgwzKv,1
8UdSS3jheDUZx5BVhCv838HSRZRehioZzF1UFagwwC1T,1
Bcr7Khpi2MhkNCh7tgkQpG5Cs6JgBuygrtAC9fgRgDWY,1
3mu2AJUCoXcE75N7ZwHo3A3q7zjjSJQkoj9aUgpEXh2G,1
HyZeUktUY9kmCeBuHgLt84kEPs8Ma9uZBjoiSFxKdLq8,1
3PJ343KVtbS6TR1W8YYDemsjbasNf3jyAVfrBGZqB2Le,1
923D1uQXhneaApGjE7mLAE2MRWMu8s7shzwxREq5SsK,1
GZKw1DKjQeHnJ7UnSApkUJGFDpuE33rB1kSXt8q4L18u,1
C1EKRhstXRJpgCs9qqqxZT52oFjU8tukdBYxbHHKMHt8,1
6JUmeU1gx8o1CeXfdt6e6NkxafaTsdBo8wCwtksMT7sk,1
2cxkVeUmUpSExydWJkSbkcKtigsxggVKEqtzGCRKVXXF,1
2PDst3dWPFhUR15zQ9Uq7KT3sriABw2aA5dnxxFiN2Cn,1
AVLWerSKp5f9QJVYVr8qsbnMhHiooPEmRx2jeoPCasb3,1
J8VzzDiMu4psgscuqHbKyPjxTKqbtG3fWvGQD827pjDe,1
65RcFDM87oeXs6FL5nq4p3QX97YXmf4TkNxY84uQczHG,1
RMDKoqtmZ3aKvDvLPB2io7KWGdtLSUQ3fTgCPA6cBQP,1
HGn2JSnV34JYuueN2GdXm2T4EW1DEhm3zBnnG9URLqpZ,1
AmQ1XMqFzpVNpjPGmUUD5yNCVUKFUPmq2w2RyCBRJi9p,1
Hz1Pp1CvJiLG2yVcVckJk7LQm86WUzYpLYTkU9RaZaQG,1
G72R4atbrrQ9ZF1WCEzyZnPLdfohJZPAX2XK2Hra6R1,1
9NTX1yZpRgSUo1XC7wBTdCi1HFNgwa9XFKx2SLr7FURB,1
Ejc7duB1Vb7zJTNQ9S2djmCVru9c1ZfdZTSNcYgqc3bT,1
94GR5ecwP1kTQiRVsexgAeSSkvoqfGLC9AQ1xuPh44xA,1
8mQQUJainFCQXcJeLcYTs9WspmpXJvngCi3BTdWm5zd2,1
9Z9frThoPPrB4BAVaXHykP5zYethKULBXxepcPMDnJt7,1
AyZ2SKRmvcgqMau6YzkFKBCCEEmbJ29oARK7xic5gQsj,1
7ka8fuhEZ4JGBFbSJ7FqmpimA48vGPYJVjfPkVeXdPMH,1
DzeG85vJ8rTS1oe8PFui2aW4xhzRW7pjAHwP5f3mDX8S,1
2TCXKa5AT9f6dijwwH7rqbo6fgJUgSMr9P35LK6JFtBA,1
9YQjNtC48CaHxcCvct898ba4LxyqXJ3mfJQqLHK1tWPF,1
9yUK4mZ9FJ9jgP7vfjKyngRZP3H3J2nvYLQz2HtXW2Q8,1
EnGGmcNW9cvVSDWspSdqfFtKSUQ3rscDDtEEz2qB9A2d,1
7TaEafaU1njhEKVaqDcU3a5MtXHkBgSm43zcMpjwnefw,1
9nXj1pEGzVw5fXnntvUKLghMwiCr9nsaTW4Jnqfym1WP,1
HZyeUcF5cg6zN6qTaRDC3jErrGYs2F9AvpXJzts6JuDW,1
BcB3NBzMGkgTZ5VPaUouCUy7pBHuaRyjhDUikn5DRZ5g,1
GVsm5EdczDn7ZF5G1vfBLpExmaoa7UrwRak9Evya7Cs,1
9HKArCXuUJXhp6Dpes8hfRhzcxxqSwVjKcqhTJM8cJmy,1
31khxXvKWAN8mshkvM6BoRYjQgVLDJai4qSBf9A4Houu,1
7uj511GCkbQ5eij7xTmdDUNm34kkzFhgxuGeoPNWrcC3,1
BJF1hmrhMajLd1bqSFxPgEVZisJV87auzqyM5ZESviCn,1
WpLRKimehxtK8ggQwvEALYFrJuZwpVVRKU9M9YfoSp4,1
43i36rGSPgyJFjYwuNdsSZDzE4AdtPBos4csauqCo8cj,1
4nEWfmRzJwA9riRy8HGi8SyN7YB3PCF4mRQrSCXz4QCu,1
E29Q3rqQg3KXMtiDMUoajAkW6sU5Juc4SVk3j3MdRh9b,1
3RDcBQBGbCPm8dpQh7m5esAkGeC7LTrDYkenPFq9xYUL,1
J9wYiM27SrhNcRfc53yvep6vfQVKdqQGDS2aLZfLZ5dQ,1
9eowpXXrpL5pLrjjb7aTaeJT2i9eQ53sGw3XNi1NLyDK,1
BaxDGn3MAWEW7r7tAwReJ3VtYJkBi9SSrVhFJ71Yhssj,1
47orCMQ4kHizXGwiBAXZYQdrDV3w83RZoktgouSmasry,1
ApdchczBGB8k3WNDdYoqfs5nqtRPrFgf8qDGma6DBxt8,1
DyKWJTLpaEKgnSWUDsymBM6ZNKoPheDrAWWcfJBbU14u,1
C7eqjNvYAgXXVqZvGnwNvovTrkCeMLoe9g38msr5yaYj,1
ogHi1HUS8xq4fZYEFM3xGcBQNyVXj4AZTGJzXggYExs,1
DFoWSUh4Ea466X8nRV5Esk4zwUfutnbV4kdrUVi4rofc,1
BpgdwLPgDWCZCxWRsdhNFZuSTsazMcF9Dz8W23habUsT,1
7jCktTxqJu42HqqB1BYuidqZxMLV7GaYWun9U3euGKHk,1
GuBheE3MmNBjQhVM61i3UENaWmDqAndFu69iUcYdmmGm,1
DwyyyobEsyW2ED6M81GjtuC8VLRef45BHdXzBhTLkG3w,1
6ZoVzcNpbRWcf7HqkXc1RvmJxwbkKiVzi17yHBxwWMkF,1
6uG69CaPUbWR8Q3Gxq99DTMroE8Tc66u3QcGzMYU27T4,1
3HJYh2mAPDAuE2aMGHvsm22drJDSjswuG7rGDQ4cy6kv,1
BpbdNRUGn4m6U7w7n3sd8jPnGweLBGKeYipmsYv8xBbT,1
CobQyfvGVWHuovJhMCdmT7sTWFKW1hjoCcC7VPyth9gU,1
J3Sb3LZ84fwAQc9S1qBT9RMgzfYBXYwyQYhNB82dXEsH,1
FxTWwkkAUnN9XVNtEPEPmHWreTWvWeaDxSwWpFmtHqbK,1
EQVKqxe2eZS2UVxBJscCNniEme5VUR37a3SQYt7ULP5Z,1
AUgZFAWg2npKpr66AdbEeuHYEnZxTPyPFCsbgYt7Q4d4,1
2Z2xcMQzpqDKuLe1PoThmGYzTuSJYSgrpe3yFo5v1UMJ,1
9tjQoHzpCxVwQ3RiqLz7xGgNw2McrxQ9NwqpgRxbMje4,1
DR9f5XkfB7chbrKkMmrywEyd5qa1zqjzPfmbkYoMZMh1,1
6TxmeYkm1QzFoRF42nmawQaAPGZ8AXNE3yZAqME2oe31,1
D3DYoqJ2ZUDuW4F86En6oLx9F1HpW7Gkt7ccUVTRHjXs,1
Fr2xQq27DfUdMN4FQzxcNWqxXdJebAUR7T48RQ9K6QLW,1
V1QFByKX9LftqbiehF4Tuo3un2y5av8CL7rtnV7qUo3,1
8e5zcXSRdeCPYd5NKx8CuNZXEexhZU5B6AVTpLYvJ6GD,1
YT2qt9hTEhQUbELfkTNEohesVhm661WvbkDGgWVRqFM,1
ANUNenBzzku8Qq16a3t2cSgfi5VwKv1pqsPssAX2d25,1
2ELTRaADbH6mFv1h4X6S1hY1LdaXAEjSCwUDnMsQvmSA,1
3Zv6AQ73CMn5NXzTq2jUQvZK8giJqcMuBiWb2r6rXBGS,1
FCZarxnU3PSAiEij4mX8MEAe7CA6M6UdtReAP43VCUU1,1
4EwQ3H8oeWZwJ8Mz4DAhZ4apHhVLqsKV9f8p3S3foVuY,1
318M7NrAHMnxMFtxZPkg5Mt6X73e8vWSJB2EByRZXHci,1
FJ26PA4pR5PcRK8gFerBe31BM8EoSkRCpjMvTn9hhc6y,1
6h7sqY3d45Sir5AppnpeoSTvFMzBR7BmtYtu57Kamxxu,1
9ZBxRJH8sY6BQr7eT1EiSggj9MbuizMwezX8vQYpgdaA,1
4hacgExTQwUdnitbYZwVjcXha7QHPGrFstjMRVVvyLp1,1
CmByF6jJCWzVJ9cRky9Bw8BfSMMMSeuTZAwmNcr1Gshw,1
FuzmUXX6XzxK2Euw6qaD5StYJfeP1KZ6PTLdx3PTRXnP,1
AYwB4R9pCGqoESNj2mCXi7ut9mQUgQcDUs2DihDkQgxC,1
hYACFo6SkMXkY9Tzoxw5XZszaYGQ9dbwCBwGg9CBVKz,1
BY3GmeE1nwo4LfjZ73bFC3jjZtLRuKqWjtMGRvTUV8sR,1
32pdbQFsRqFGNe51MhdcW5XLqoh4DGsXNHHVikv7NHyE,1
78ZCJrNpULg85xiMDMKfK9W7W4VVd1v5BioV1KLyFMhr,1
2QVbCfynYWooKHfqU5eG6pz3kpgubxK1vFWanUQ3vVHP,1
DUzUcVWFMbky3ab1r2imzBa1Arz9VMmumLSXHBqu9oey,1
GWr7KETa9L6GkBsmuKMPfRMg6jwrzWowUWMzE3xixnhM,1
Aqi7Kvevn2s4H11cXDJw3cmhSUuq9u3aVJwVRNyY2zcH,1
345DQfsF7cdEuRhgyNWs4YHe2J4A17d7UgD2arWfGAxd,1
2QhtYnZbzjVzjhpPoeHCUFrjpde4oMZPyPbmCnmjNu27,1
Bo8NswUKRk7vpygpZLmP8XAbZsChByswm82qhviEopC5,1
2GDCDycabFym7n2Mc1Z9fEyexbCmcPSVzXVXxHW9Mcrz,1
8vzBeiS6f4feGv3ceLqgz73jMEauNGfpWgbF6LRDhaUC,1
6GmwXdEWQeH2pX67QT8fNRotMLTDNLx8bahAQ9LcC8V7,1
FoXMQzoGGpEzjRX2XT5wjWbFwU6LyWqo7JZqLy6DZric,1
5KSGqFmzHeqyL2REk1Wgw1yTAnfx6P2HrVQ39RhiEYpg,1
6tjNQwwcJ5vX5RtcvhXeirV3V9NGBy6xScPMcKDwvTQh,1
GBjRRmDnH2Eh13ABD99Z3p8FVfgfsW7RLHtJcW9eoZXZ,1
9eJPKgTcsdYEc9rPzVmfR4CFhgjXitecgtULwTEC7zYt,1
4w7z5wqMC7jYMVPWD2Zc7Y2zMEuu8Cj33yRf34sWaAMH,1
GpStLC3hkCxzU2Z9XV5NVQUsybe7regYapLs3wZ4DYkx,1
HahjtWRdEh3UnYXWBj5XiGzTQupE2QCU2dMJi8tBVXvJ,1
4qzZ4ZNPGzLRj9DZoCY4eU3cFHCNKm26qUvKTy8ZVVQL,1
Do6nkBF5HZKZUhYpmS8awYRM27ZH4KVY3nkgn5YeU489,1
5xyuMAuSvJ75rshEWtfYUzCFDLJQjnve5LnCArmbiQkS,1
EVTEtXmccy5VWGqT4iiAHe1XzdbChFsS7dHYaiF9GWf7,1
CnNTxZ1LxkRmucBJ6XLA6LL2FgCXgidPsfvvkxH9dmUY,1
9TXJSg6GoJ6Tz88U7xqGHDr9Dv3c8oXWSrRk9v5y83hP,1
AYazMa93WiK2qRNhYVH1JBtAGxWAdWxC56MrfqP8JUMB,1
8FL9Q5rXBVjXEW7QVErtev1mevRpFa1MJ7hrwprUsw2J,1
EQwSz27W65Fxq31oTqb6Exgqb6c2CKvUuSL3WAZUvL8s,1
4KeQ5KopWbgMzZH6k1frVYCBXEgVx285nRm5JBzA4hWd,1
EEVUrDUuBmcejfx1KNfm15vYGPzWhKXTMD3QDYDySip2,1
AT6ALDqxDoTAR1ZeQGsPymun7qJQy8ScCy6MNp7aUA4v,1
Ffauj9MDVqs6xhbCpKUEdpnPQ5ihtHPp4HruNwTFFbFY,1
DRB96KgNc7iWbCPYhSpYK1rYW5qKiZUZxnM9SxBczVNG,1
FzNYB95RWfskqJ8TmwYMTCxRXNb8DuKcVQevqzhkjgeD,1
2udAyRePXQeAMHpymyPkEVCeLr1R32ZDUfxYqqiKa8FZ,1
BgTmtrSi1BDWS38bFYQquRKMfqWi4JeyeNttHcvJRE4G,1
4VovrcxsHgVMVktmAKnZKjrkwmDrDEQxqm3as4ULQkyt,1
6fqbSyhh3PPdgRcLraHb7Jahj9s1oHHeX3SsjNSsGa6t,1
6dXJjGNVzdLx1FkgyrtKTdeZnCHPSCz2BeTSHkdvdoAt,1
D9NTATzhZjg5aXuz6UBy4AqWsWfDyUisj3snNosgfaDF,1
L7Skg83vJoGZSJQyCqox8MxhfdPuNfYHmkjbJ2GJkyN,1
yZ54aWBuRM5EExgiftWvLCUqHgz3EW7TjTMpi8eRaea,1
HuZLRfrPW58AJNmpvazZNmLpTB385ABjLXGFFkFKkkzK,1
D3Rysmu2mSZYdNphe49vdDifsakHBeTyJrKk2hu8H41a,1
7eHzXaWCKRCc7QkL1gtLfhCr6rdsxRmCKWmSFELYnDtW,1
ANLkw7o3CkUsf3DXCdcSAffqTfPmUcAQ7LBfnv8e78xN,1
88AZojbt3UT2wzq86Awa57KoKqExRH3KgTqobuNKV1nA,1
8ny5rP4dtzuj3FU3GKbnMaK28vD7duiopuPChMcqt9iT,1
9DFhVvX63LXzzYw5k6h2zbkHTi6SNQK79yFojprBW8y7,1
74fPmQJHmJgec4sCjgFaVqyNkYtdhAiEbHBYrUwuN2ny,1
Bp3SKLk7N2p51zxj3gPB3ErjyEGr2YbzPZ9AwDpuVbtn,1
CZurRKxE5HYip5uQH4cvzJZap4bKnsMnqxactNMsa4La,1
3XMxBdUopkshMhUZ5orW3EX45P9UEjzgFvrE9sZAyfCv,1
HFX5pP5wBwXe2qRYDcjNExL5ibtPJajPyNBBn6c4LC41,1
5U5kDNJUZNfanHAfXmvaWP3ZncENGSgUHCWkmVyy9BjN,1
8sLdcLruYqZ18DzkYYL3i38XUVTvKiXC48naR6gL3ZCD,1
5Hy97rNdzXTKndwKAH4w6e2W8AX64fpGqj6grVqHnr1C,1
HSAWiCHhjiBrJ18xUYaPpVGGY3KCFzC8EnbU72DC6WsG,1
85i889889RF2qVHvFianq85zUtV51RXHqZp7Dhm29zrP,1
HyKsjeGK6WyS71uvxaF7BJrwYXjoLXcpsT18Ae9EVejs,1
F9cYTSNdN2nK2tJfqQoQEXh6EQRqs3yJzZ52ZDbRCbML,1
35qpb7973A5WYdyTYeHzxisz57te25k6GWWHc8pGh3E9,1
9Fxtk8x6nv1698QxJFxdjGwGg1voM6k7udaFqxSjHESz,1
N3foBMR1SJHaf4eeXBFWpT5sjfZ2BxmUDLXAXYvxPEv,1
13r1Fgh1ZvwfZ4uZAH12zQ319sorYUF9abUFbq82KTi7,1
474aiZMhCHW2ymEXY4Py23HpkRHdhtyqWkWNQ5aezHrx,1
CwcRaE7fQvaLqQamhHhUo9abk3hqWZ5Upi56fkukZiK3,1
6ocCxTBsv9hGrkaJ8agkjXMLjHq7U6pJFoNCsqNHwd6A,1
CtYHY9qFP5QRW4YHc8D2pAgR26CBJnHzh2m2bXojF6Uc,1
F1A8DTvxkdh9nHE8wPkAJ64RZGrdvaM3C5LaeP3iFqjb,1
6NLkSgkvLPsp6jZmmJtMrvGRr7XGLBgmeqFPyczbCWCz,1
8h8XQ3qRPTBMRJFHtGkWq1EKNaS1mwWYaW4uiNjKodKQ,1
EoUfLFH1g9xkHx3bYaeUXf3WdNWEFjxtiMbTfDqyUUw3,1
6KxZEKXQAqp23XwQz6AkmXPQ3JiPcxw9ffxJVDs2ErVL,1
39NoErir7h1bxYhxZFy7WekuUHgvfbbMEWEPsVgJ2hqe,1
EQihimwZhXNEh5mEwFRXx3KSEAbJFxraEVhqEBcNaSkr,1
EmBUvoHpLnbQKXg9WLWz9w2PyUvZGxBhuSa5Kv4DE879,1
8M2jhJa3cuJeMgXoquVQomnbxEvPKNiBLVaLi9hgwhVg,1
8RkHid14htABCFM5X2eViSjym92sGMg7ZqC454HpMCK4,1
JDaPoV5KZH3snv1TNGzBUQkR4LgBRw6YRrwnGMRdjQyk,1
8E4TSYQrunz8rNC3H9BZL9H45mxLYpRBvdJHC9rZNWws,1
Cdi6qgFWLc7ftMDQbAVmQbbgJecRtaeewVMJ3uVPVmuZ,1
JA5Ug2PtZ4iLfQP4Ky6ZX3AEpSA7nG3xZKVEXeGod613,1
3NoBdicw3BWf5DryADntQr8DaWk28Y8Dipg5PZNXJiby,1
2yoHnf2LCEHBLKgfzDS9PotQkpaY84ezYEVVxtktSMNz,1
4u5vwj4Mi94qqHgKiNmrgPtSJAkzpG5gaXvZFRR5LLet,1
5fybZSEyMMLtAkRw85V15FTbBhSgrJE2nDR6tqXEGyF3,1
AGhhvAYvCtkTVwj6eM5y4ibD8jMTGHrdRZc2ryaUUFB9,1
5pCgqPP3T16g1TtfrTJnwuHrTFKhNSj2ok6Gp9FWVRzR,1
BDdrKKxqBxoFQjRF7CKsfNBqD6eeGnmXjayU6zCYRLpX,1
yX6F4NxPVyfG85wnnKPNLVE282cvzGMPfvUd3VgJJMq,1
BbmtQ148VwidAkhZSjPNbFGen9DnAUG3XGeKMQxMXyuv,1
323abT9TuG7sH5TJfL7JEeGfi775sPCgKLXSe7H3npc2,1
4qf49iU65pFYWTx3hCA7vikRRv5L3pg6im49yHXjLoQN,1
8p1DQNyEkV2gDeAv8GFFdnLWo2PDTqtvn4ET35P3RrtZ,1
14rKFRbcZ7pnVYpf1dVj7Y4R9ZguZYCkffZSEUP5a18L,1
CqJYhsxDMsD4Zbe6vECP3cqvFXdrMRbibYwmVMdhT6sa,1
6aW194QgGj9hNaXpcq9hbKuyR6cksgcDWE1bMCHcLg5n,1
BtBshvPNmTn7JcHuRcH6QBrurLARKDnXqvLDeyPa9REr,1
9KYW7nXo3emVfSYDE8VZWKm7tLyZd4cJeHxF4ddegKce,1
EVqmBRNinnT8SUw2Hik1Wg1GZD3QskHyjX8YbKLVRNHG,1
9VPFDKmA3q2XYFNtPSRDWQ2b9wF5LTeMBQkbD42ZWrAn,1
DM1ExuLvyoEXgDGM1SsXwnSF3WW4X7CctsDwE99vj3Zp,1
BHRqPfsJAB7fGUSQCNGGEbTSSJwULYc8VdWptW5wcQRc,1
6bUaBT55XaY2mUiNydstBPwjUYtxSYoH1vjBKtbGqfQR,1
85Mx1FnsbeitkPMQVSsqyvWhnTwkE1fwcCLGkh3UnmQB,1
EdVz4He2qTAYZoJuTUzUdd8oQDHBZshm3KRrDkEpdVqa,1
2ufLUmu4uPcRgSJ619Y7oAnHd7uV18FMgJsDjmck1fbr,1
8dj3c6e75JW3V683q5f746SStV38Ror2oMCsaxBvnnG8,1
BGzUY7dDbworVcA9KkcgjPQc53TiyiAS4mfuBwbESUZt,1
Bfnb7Z9CAFzvLQzNuURMMQpPjAeduB73mCTwttBt1z5L,1
2apALiPjLhsqiJm3eopoWtKZbWMvuSorucDxXjobFnSh,1
9Np9TZVrGjv4ZAj2gq3kUfe2ovk19Wj1hTEPZ52fuM3S,1
23PKenLcK3gUzTD5jzqkwF3GtVhu7FL3661nTocxSV6P,1
A3ngSeveSRdiq6M1vRunKXLxbtnMwf9nBLcB29bH549f,1
Dga1gJnASog3uDjjibVkqvbtfbvrj9Hz3v2uN1Vojaid,1
A4qEHoTELLYhh9G5eR4uXafcATsYu1vQmGsHTmoHhhj3,1
EvQYV6EsgGdSLbVEuQvttA48MDyEBSirerzoDKa2ZCB9,1
HWm1aeoDWGMumwsYmqxRNs2mJC3TtHCFauM8qJkGpwFq,1
9vuBUWBV13f7mQfuCnt3hXWqoXMUiByDrSExuK26jt39,1
4whtFfuR97houL7vAz4VGWtEdgky1q3oHHSB7E2cVNdy,1
DV1f8jNL4xUEfhtDKBzj62dhSs3eTe8F6WxyKhyewbGx,1
VDBeSc7v4MLkC2ueA1NLxyuBviF4h9jtPJryum8yr7m,1
7pfp67B68nxQ1eb9TZ84WKQDoSbG4xwHxqcUeduTALx2,1
E68uZN4ZGACEUZWe4bft4211HkZebqTTn8hd4ppkNVZN,1
HVjYrJZazxtuvqsbWRBQvWJm4m7Ymtpfq1pD4nu4T6FY,1
7cuYxiFC7xnFonaUVBhAz89fRBRJtnWAKhr2qRfoGcMd,1
7wjanRzGkPeTg9hTxNH8NCPVDQ5Ynxh5B3aUTE1TffJh,1
9q5R3B2mHnLJ939HY76ELS5mZ4KoL9bYzqJHE12Bbb5Y,1
H8gbsQwJH2kwvDUvHNCKUR7YNQEKnSGWCDEp2EFGv69z,1
JBuTiirgc1U7jSx8wsLzx1VRaWWXP7yNV6N16Poe9v7,1
9Ys5Rqn1xSgJDrBteCQ5b8PHZZiPnL9W4scf7G1veNSH,1
2VmR1f1S2B9wMNsVHrGb57TWn8F5kkgR4y5cEhFzL51N,1
5mjHSqaNxUBTZPmNRC1qYQ6i9TequfZ2JFMgNv75gXVY,1
7z6V8eHthXhFNX3HzXfZ8whnYemMwjJJCJYzuJ8UVq95,1
8rPCcd3FiZBaTMTgKuYirF3hmVfoEi6xHCmqGnMyemPn,1
GHP8kcFLBGTDaNBaqETfpF3WUGyPkC8wXK5uWEAb4aXT,1
28kdHttzVbX9HNwwLvCnrsdPZzSEFmR4dtkRWq21uUgX,1
HT6mB2nREjDdk3owDwMFv7ur5zd5wcvEffqE2PeZBT3w,1
8QBQNUHzzgr5i1zHHnAiWYjs8DwWGvySyS52qrts3sUL,1
EtTfaopRo4nVonFxq9ZKTsFzKoLekCJMZt1KQVLmjxW1,1
47Y9n1hGhqcivaUhKVHTFmERLL5uYGPxJ6bdeVBiqNC6,1
53F1t8WDr6JxdwVDkyNTwZTqXFAGzWv1BfaW49HgND2x,1
9eAfi7MKTRx6b1Ui7goq4RGpKfLjApisKaxZZfjme4MW,1
HTuUaTCiUu49tdgTqt7yQzw3XKi1wx2YcskH4hjXFS7n,1
AW8tu5se3pJd14jQjvNJx8Rf3cAEtB9Tnb7jBTbu3TGS,1
EjMEgXBbaCr3KbsXTVporNPRpwCQRTUmDePJSXdisM9i,1
G5xh9ghU8zjaYYH8gjwFLK8duZkPS9HKQ5Mh9fVhiA4s,1
CjEqg6nvGvnDRB7skTZruPGZkRb9esvGyZsx62sb9Hzc,1
KaMy9vEg7gUMQSUjMsQ7f7aqSyeSoyDzubhVDBFyNJS,1
2q824uvZXzD5BhRrd2GggEREYiLuLe3tjTM3ykcPgXcF,1
HFK2rBoTtnJWqHpY4uyt8czN6EWkfdvphMA2mysQft1Q,1
4H4TWjVHmSY4ZpgjBgAxULaLnp7k59BBz13Cx1hTeph7,1
ERAwRy69H6HAFaTs4bXLhz8sCkjGQA6DBM6hpWouRTs1,1
FbKNszJEs1WXBXwYuFCFg4ZCQrzN1YqKcehB5famG5yx,1
81BpcbBZoRqeXwbbR11Ex4WYcruLRiKenYkq7q78sin9,1
FaCYD27Wm6aZBFM6HkXLS3FFBKV1WtjJ9vzurLL5ejzC,1
3ZoFYPygp5N9GiWZyyv7SxAznyupJSKu4ntigr4pgZLM,1
6MqiNFXxmFUw6UdyJ2prUah6Smzvf3K6KwLL1dZZRjmx,1
ED4vmVP26bGYLd9YKYV5C1pQZU8yHqYA2WK1ErvQiKdq,1
9bmjPb4B78j68jocnxt16HU4xH66tRgczGqHiyHnc4jC,1
5jN5kWiZaFCcxC9tP8mQBR9mZQon1BtwYiQfPPtQ8SxC,1
EpSZMWHCpXwRdd9cyXF33rcGBNax3VX5G1aAe8xY8Cgs,1
9t6genV1jV2C9hS2AkKUWdU86JHvmg5BiLoykxrtiDZM,1
4HrBFvLCSVvtSTqDe5fUYtpZLfpBrg3cqCpBvMSmX3BS,1
8s4kXHnocXAMBFDsUtM3dTZ5c8FdCMn5JidzBedxbkAn,1
6SDhYT4dvcAGFYRNfHookED7KExHNfZ2CK2ckidedWJZ,1
4thmTYR1iLmbgZtzszRwxqwYBnHypKMw6d2w7hY2RHQ3,1
BG5RUgDR7Lvg4RGPjXKTtXFCmSm9TiagijbkMQDMBeJR,1
CYuQWQLu4fw2jriwphg5J82m8XbAcowLULaQe3WyCYc4,1
9LAAvNx9e9cZX6P3kPRewzaLrMAwTFUSWCX4vtkzGebG,1
53q2jF2LHiR3HDvDAA48KmBufXuMRpz5urBmj1P3pUp,1
8pYhkeEiqPzJQvYt3axRHFaHHZ36UENcxMVpEZsGRxhf,1
8utRNPopWoAXjfDswjkrmWzxN6ZJaTxCa25CnNqRLK6v,1
3WLiidKvEVEisUgR3jPhauAqUv5Bvb29p3rdogxbX7aS,1
3nRaveJW3Yvrdmtu3hzWSoKGYwonockJhFRepDUgWDZZ,1
Eiuiq6SV7h1t6CNwFzAsmiDH5fYeEr7Vxmzc4BBVuRn1,1
4EHdwgbGkSfhi3jzW2GzGP1vUBe7oZYjhk5xTWfZP3eo,1
8ZnzJFzZGgfcxy2Dg6NKLVVuE1jR76Pb72aHgNjMJnd9,1
C8RbV2FYiUZsUttSHxP588sCssuHFeRcWdCkwA9GcSQ3,1
GLv7eWNQKkDyTtNNpJ61mXQyByathM7kBwEaawZJUwC6,1
GzBWGFF4nn5vVRMNPms5kg2R3KqKvwM3Jg9jHkWoPp8k,1
HVBTu7Pw1NomA7LKdEsYD7sx3EAscSg8kDf1NznPdPvv,1
9a3UvME6AtJJr24PjW3SUp4u2xRwaYVxyiwoLYSXZr1p,1
23JQ7s5c59RVZTuUHcnbhjTwrQUM8W5a4V4HWQC7std1,1
9zRGPTm6ti6Eto3WW6jHGqGXUFBmJNh8ogp2FYmPdEoS,1
GnjpLMnbWPLKihYU3MV9TpsazZShmb2Luj8vDgUq8oUt,1
HX9oHSroPX7ZhDPJ28k3fQN13xkCHpwi6uxq6ugBqkss,1
7fy7WssRwez15AaxMcVkyjqHu78WXkL2QH4eZyhmJ9pS,1
BDWnD2H6npDACkpfWfEioivyG4DXKxK73HboQt7e9URd,1
DprdrwH83FAcdsvE55BXJEHz9BD18reZ1QuBrTeb5eW3,1
B8xcbLdx13Kq1Brtc76HWVkeQbgzBnWSzhuxMUC5wCTJ,1
7JNGgKuZ2nGQeRmk6KjidMT6vRxp2oRAMKipRArGCSDf,1
75NrFX4cUT2R4ju8fMBnBhvE1QnaxwE3nSL84sYtddX5,1
JEAdTHWcAUuyuzyS17Y9cy7g8iiUqZrsHuav6cK7xaaY,1
Dd4DMMYgfc8zR2JdYECtnSVmCMPYbCxzHCockRBZA3nw,1
6tbuKWpy2v4KVTCH1HisCShmRNkGDGPGMHUf8BWh7idu,1
EjAZFavXt5K1z2hwqmy1nRc3GB7dhfozKtKvw4rjjycp,1
CBBUmFb3UkRnZsb93q19vThDHCHuunswPB6TBtfMgMQh,1
FhiNgFzTMTdRZCEfbvGRrtVv6UMz6GXhVMiLStHRCPpk,1
zCCXAo2QBbmbWE35SMRgJAW8YzaBsatLUgKW5N9HBe1,1
DKmi27fZvgWRTpugQhy24BamjzfvLbKswkArofcHzG4W,1
GKMeqKSN8cZVBUK4p6JpB97QEZTqgxhEdzmso4AaUBFF,1
Dfsdu87GBcvDC9ZYyjXPN84srtDNwmLudnTiEQmz7wsX,1
G5tASi7vMSWiDN7Sc6uAKAFZg74x5sw6ufRp5hXKgX8B,1
FFWEqTS2dncHcZwWxM345UQsYFMkoqmctxxQg3xQP4oH,1
H3QPHBTvT9j2DNpjYUorppuxCXbAEboy7NC2zJjKRxvK,1
5hJrY9Eseh1morhjE541tqThtDL71RASBcGemLVjcZ24,1
FtivqsbtMN4j2k8xsixqE2GQtNCkBrbGAvs628g6crR,1
13XJVJ6ZfgUN5LAkietJVVRmx4cmsW4a976pHUsJfmet,1
GpLGmd7Hy7o2mvrXXnNXjV8jBGfCTLLVPYdrENYakiCG,1
6KhYh12Dum6NGwA7Gqf8YexmGMGRajsHdjaquYiapncz,1
GybHR3zEYoXTfVajsoLGVVGceKcTPmD2DaNpWJtkD4st,1
46dxN7pGXqtsehKy42RTw7FJxzQR277BSupxbU454uAL,1
7gRrH3NRRzzNXirpJEC4UfX19uavczeLg4SPsRyzGhQq,1
FB3dyGrvv1PbG29yQksEFaiqxm831RA5Um4Y3RybwLa7,1
6hpafMssafLK3Aav9uvNeH3GC2k6HoP9wPGKkHXmRarg,1
BU8LFn5Cw3gFkoHh6KsQdvBPjPmqpNLsoSBLg1hj3ucG,1
5FunqBC24zRAmrJQiTdUtsL95rcwyMj5eFC56hFDGr9s,1
DfnnvZvvwD3fouXZTyqJzhQtGw4a7sxshJpAtio6ysDQ,1
GVfA1zQBiXVsmaQMALe9RnNUUCgf34qEtBGnbnioHJwF,1
2aLcL6iYRGv27aL8vPbCXZ3rmrwBd9n6rEx6qfzgN5Yw,1
7fdYSrykFyrGXgRbsr8x2rqMiUuYJB97ry6BBBavVrNz,1
GuKgSuEyVLa2nsBVy8pXx7UHKbX72XryE6yoM7J8FQ1y,1
5Xns4Ebx5tAAsz31sF63w82B5EMPtba9EwtAQ25hfDox,1
CbGuUMwWfVVcMsro5hrovDejbd1zVBn4ZGnwGq55Mubi,1
C8zkVfrKDoWFeiLji5mySmrNXh9GCyTHv9ZrdzEqRweA,1
7TdfYGZVnRT1vYMMdHQDT7Wh7zAhoDCKgdRd3p4RwCJs,1
3XLB1LXLzci1hedamJBFp6LM4HgzFZH2YH1F93vcLoDy,1
2S6Fq8n6BkBBaKZugH6Wd4KJoemTLmXEcwYcWuzkZPGJ,1
Aq5Y5ULU5694eo9GNTVd6ZvPciz6Gyy3DNWLU3b1Szn4,1
28APkcArVUk2yuyMbymbjNY8VN87bxkoD7ohdgSnoeJm,1
55MooLS3a5feQaxSZwh2txf8iMQXCBnb16mYSqm54n5v,1
EpcHWmhMkR9cgwCeNe4b1FETQhS9TwFBTanDcG7StFxV,1
8ATpwyYhTqqvX3he7ViCa68Guc2Scrn2QFo1d6cqgYUu,1
HfRSsSzUcQtH4sEdaaQVBe8psoHbqn6WKqPfdzoCjMfZ,1
Ca41buUssbEvSMaaczMMHzzzvnCAFkfQjL45hAgHt1tc,1
9kS5HNdR4EeFgyfoNQxtMPtYcLoDDa7LHA1ZMvssdxwf,1
87k4hGJQwCm8GBCp72kS6QXgEtG6ww8yqG5Y2s4Qumma,1
FgZkHwZbUY55hve6uRHbbt6aia4J6kZJFSjbmrwif5iW,1
Bu93P5oiH4rZyN9MBX2f6uXfgM34xUoRorF57nCGG3aH,1
9x83Q2mwzXcwd21WC713jmJd5dKJViEz91wKKr9k7SRT,1
AyJoWdg2KzxHQkzbDswmLSRTMnWnE6NBCwzTwkRa8SNg,1
DHTBjpPs7tJqNRk9xZ9xiWujuAJpMrKno5DGW2cUEY1W,1
31BgF18AgkiyBbrrNLqYnKaRUMLdjQPWgYQXJtAnbyM6,1
G8jg7Aio7jfEZCubab1BEXcSjdvLgWywQnesk2erkQmk,1
Dwnu1n5qJn6ehBenU8jYHk1iLsvHRZsBQP8eKmQvMT8C,1
6AMZfbwK2wwrRbMWb9cq4NcDYHH6CbEA5fV23HWfjqg9,1
47cAuVbQozaapswYZP9jPKCbgKbWsjTk7scnDDvkWpYR,1
5aud53wQjbpUQ88k7cAxRB8cey8uezcn1GBTViycMkSj,1
J4E3SLQpv59Hprvzho9SnGhZ4BGNCV135j3fNtFkDY8v,1
3pynsfaYPN5PgApZNFWMFuFkLaCb4avXeBVpk9XotzC1,1
8cDh2FLQAmpLUd5iVdWLGfCzbCcpEWEhhxVmcSeYDR5k,1
2gGAFpqcp9QfvMENYFKQ3aU1KMcbXSXRwyRq5uJQox76,1
4CPzzbw8YMn4DSi8qfidPBGyXYHXEyqWqPw3yqj3GACE,1
AyTCN88nREP9fg7LSVxHAJ3shwp861HVbJ2mMrudqeZ6,1
4cDV5sehVNoMb5k97nL7bmJEBhBvZ8cqTeSaR4BKiFtS,1
GSPnaYTVuYXG1kEYTuC6EFvwzSJc6k63fqrJgrmkytEZ,1
BDVv8EQVdj5uLmqqS4ZmDF36Qu5L56E7QDq3wLkaR1C1,1
hEUU38mn1poXkvyKkWeZJCmECkW4eL6Wbm3cZYjduwm,1
FxJ1bbpvWEKobd7dYM1UB3kKzmwXSMuuyudWm6voxhSe,1
DjUxJQZvsn7Nymhv462NeVoehutx1DXtmvC74KtmzBEp,1
8xcavmZTREAZvdx9vLwGiqcBHVXJA1LxoPnmJcqUkjW,1
2vzM9Sgxhisx4BMzYQsakDBBSJKnmJHCaBJRjtdko7fe,1
5aEn6TJibmMkZkdJNBq6Y7YZ5nRckBhqNkBV8boeHJW7,1
5a7yn14nDshLKNAW2uY2vUf4QdeUeRGxDKSDGoprGDR7,1
66NTpu4aiwG7yqXGXb1HUdoDnL3SPTaYUBJ3qvgtQ6HV,1
8oxpicj6VAyC7yeBPURLoBazkeTpVTFfbwPHVmWSFCVn,1
6a9XHD5ENkNzWWhaF5eVhSiFBNjRq6h3GBu8Go3yjutj,1
9ioKinHS4iUo1N2hev3qTNcdFLwTdVVJ4JMZYys2WCxQ,1
Cktenn2Dw3n9cDzxSKghN2fsYvV6hxu83k3xNQeWwe3r,1
7ePsF8aFoTaiR4ssyn3XaqW3X6wxMSpQdjyVuzdgFcbn,1
GTcTfD4LfbhSV1cwJu3udnzPDSW64LBc5dbfh6uiPegc,1
5iyyk71h2K4HnZGn4M2xZsu2q7WNvMW9ZPZhM6PywF7Z,1
E6A8zxpAyimPmwtCrnm23UEVUABNdR9KCBTnPdGRPACo,1
7tkDdh1wqxqxbmdPZzX9UziewbVhe4Zyw1mSqCZLCJpP,1
f1swLFrfEP1wP7udUGgsgvEX9xwmwjQjiQRf2VqUjM4,1
9H88ZD38TmVa5U5kZjiQDuxzi5pNTCHdHkiREhUJn2fn,1
9iys9Q2XKpUS5A7wrpcGApH4A1nDo7iVBZMWrrFFVDD7,1
Cqr3DotcdTaTPtiXwmw3bqUPcMNk9F5eZNSc1skV2pMC,1
D6J9Eq4Mvujw4NLNB79pEtbJrKuhFvb4mH3Zyh1Rohv4,1
Hwh45eairtSf1GSXo9qQYRremk2p9NT8Ukfsnm1wKxor,1
4WKg4PRMod853U9AjpqeKuJ82yvTSnz6bYbg96NoL8Jr,1
7wTsqo58Tuvzni6fi4zZBpiVRBj9hsLCmrUaDDPs4521,1
2cCXJ9wonkYWRsB4XRi1xYuExWjJM5YH828YDF6UGuy5,1
5v9okbE9guXoj2J3yaxpWVYBS5chGoR9kYXf8hwVWTcU,1
3zaxdFmqbtu8D7FSPy2rrSVgU65humrmFUg4qs9D4vJy,1
699zhW5xHE3hBgFvBdk3KkdZta6JywpUcpFT4HesKwJB,1
BTfphzERw7Kz2jcSbnx4dBgSTCS41kxxnvW4TL2asXj5,1
HYepRzrm1VQGv3RkpxswhnJXxMHnSq6rMKCovey6Den1,1
A4W7t6u5rQX5yiwoSyDXWT6FWuEJTJdDUzgcRtGxU8zu,1
DzYH88cUxoPmsFi7amXDnVf8jxMs49B5jqvrrwCzzLyC,1
nrz9CeciWdwvGbPKZCBmz87Lrgn7LaFRtKv5Wvx7VNh,1
APsFSjpEAzR5D31SqTQoYBgJWBXkVvkEF3Rfm3E1vNL5,1
4LNNFr6nV4D2kYtnvpwoFGht7B36RVhcszccnS3ZMCyK,1
6eymKiVJex1D6hBDmE3bqreJuJjs2Bvzp4AiA9giP8Kw,1
5dAa1WBTRKRphTm5NPGK3itDN1voCtY6ESBNNDxGNF5z,1
DM9GrmDm3SFbefM7wct8gWCWHZY42E3qVr6JzVKwTrga,1
EnNXDSqmCktcprRdUJnNnxyY5FWhQ6V3MgyNDTXHhosc,1
GQs3317M7MLHmJWxF17QPmcQ4CNoCfW8mMqyuUdUu54c,1
CBVKPUZDR7NnXZwQyG74APoWXD7UdRQ764b1THEcUVoh,1
7eiEXzHSRMANLARoxuyGu1Xt7yQhPPRETpgWCDBKvfBv,1
B9sBUiygZWeEVhd18hhaoEMCnBdTpv8DikCm9pmtQq7c,1
2VHknHkTTZYyXhBog1M6Lvv18z3BUfjXVgTd5RR2mRSm,1
uoUm7nuxHNEPtEecQh9iL8nuDAffejHFSdr4T3Kc4nu,1
68tutwE5VPYG6e1f3dEmisL8mfYtvYQv13NdQtWGDj3y,1
QvxZkMnNRxE79qWAiKzjEuVbZLsufMLchHVFyTXzzJe,1
71CRyd1HnmGmCKDiFFa6VyKvyfBX5SZEwaMJdSCDZGCo,1
BJMBcu4gJgLKG5rwVp3vumN15TRUTpr9v8H9g5mHvK8C,1
6aGjDqSy9kZNaeeh377Pvm2jz39e16CCy6o1AH1z85eF,1
4b4AZGh2N73ro8PmwGXoDViJAAUwrU1wFehBgxdbNaGE,1
EbeWJFYNKfqAmGMjXUPcxvGLdaBNZkYrkYWXy4eJbZwR,1
7deD8z7D5DjDpNsRsVLqGt4CDfqZ4gV6WAex2ga5jH2p,1
FA3JWfE44ZjM2vtRM9qXo1DSB1EbXUxBQzFDDTJGTLUi,1
GJo9BtZVktkxfiWWPwzD3nqTMGRnWyNBnztV39erTmnY,1
Er5tLvnvXwH9AQPEjPrsuZmkSRS5QvBHRRhYpEqGwJKq,1
67bruqqp7qB2GVpdcb7M9EHW63hyms5BWQfKD5yEMkwL,1
EfkNcKWjkCqdzWngRj7wphxLXAdLWKapEqcdf8azxiMW,1
3ovjxz3gc1MBSZWmGK6ii5BVX12bDv5rYYfDBtDrdhoW,1
G8LYGPgVv5NKVtFnVV6AXqYZkYVKBcEAzJSZPizg5qXJ,1
B4ci6gSdN7Ft6ahj27BfZso2nQ8nGL8pUyaE42iWaqxV,1
6QxAFM4MZue2Wp2h8Ge9SaVHEoJMK58sXc8qUUZaVBFb,1
7v6wn2HvtZBxieJw2eMUkemo7R5Ep1wibc2Nzv5Bm1oc,1
FkTWAgfzHM793FZpoN14JweEuT4kMdjCbB4gXnCxFHTK,1
AKZtVBUzp99ujbMUxGiY9PtHRKUfV1WJDrtk8QAZFLpZ,1
97rQUQcJrAwVb87gUKwfS2mn5nvbgj7s3BgUXKCzs2s7,1
GDpBUpTUA59nS8QSyY1MyLT6CkZesiiafb72KAwj8kS7,1
4gwbqoS4mvPxNyQBAhDjMf7UEpD7FeGBQc21gCaRAhBU,1
91UpG4uiJFkHJ9am4wUQoEXcZQxRHcuYchJoDuzttiww,1
8yVNmpM9ZRESreWJUdTRJzqNUMkoq24vNv65QP9L1pCd,1
6fHsewFTKYLNyiQjAxai27ePptmAiXjTmd6J18e4JZpJ,1
EsuAv9EZtYaLUDzBSQTjbm4jF1Cz2cKw3Gi13YyEYsBg,1
2StcxEkf2rvVQjLSBwdGbEFLwjhjUk3jJ29LKqWo6CPV,1
7guYHuh1VWA7JGmAzZX1K4YMTzAfmEReJ1P74sTtWeHw,1
BEyGjX3LvLT5qKw7movj3E4Y8BvEbjzUhMKvkgzLUCRa,1
89WQKJeY6Yp8aYMWh82XjhhFoLcfUPYop6MNHdwiQZf8,1
3yYgG1hWRVRwrE9UNz2MJCBjmjyNobEBDochDA19zYP6,1
6rmSaChuk6q1ZMqp9b149pEckGXvxoReWfAmeU4HnB6n,1
8rEc5J9n7x5d35mUxEgrqJWL7cMQjSJNuZpqxdfdg4NS,1
9YYRjbhWZF9maVwRBbidpQV9bdaNxdK4zWu9CCQAPdrt,1
5VmoMC6yNLdKJFDMWSbJeitYUQoUpGdBkr7FvmiGQRCd,1
4EryGQBvyMAnV5YkqhSxU3ymjk86HPb7haJXdeVLNv9B,1
2raTyBnEa6nFpG33Hv53uQpRRwpLqMTUz1nAucmMKTVS,1
8iffR5upeBiYp4HFNiKrfgdWymjdDXuMBZW8RZEnhkTK,1
6Sug21YCPT1whCuf8mZEgY99Zg63zSTezVaw4F7pcAYp,1
9m8hFgB59UeKckAXcvd8g1MZNuUtzVqBBUZarza3QN4V,1
HrwN4RsGVnJgqT4vEGam9Dp2nCZHoCfpastK1PAhNZZa,1
3nYZkDsHpNBDaUdvg9Ek3BSp2dxQGV4dcxzHKzhXEzFX,1
DmV6QtVcKHLbVtBqKNnsXemTYAWv3ZfiNDTZzavXBm8u,1
AUdGhWKYJD4avsbeBvk4q3iyLGUG8H511UekijAY3tKu,1
325Ptc52t6T4YKGYXbVCCK63E5NYAinLNR5ZhGeuBnLG,1
7v9onRyJL1pXh6WgUTX9N9Y2Qzhkyp1zct43Qz7edZsn,1
BUfmMzPuGXke8L4Bz3LSVZVhubEVnA8onx44gdYxz74h,1
965jPM6XN7BDScZox1D1gd5Xwkbkvm9PgKfyGJf85fx7,1
A7QEhKyS2fpmafFC5gvhfogPJTRZsEQk9JDMfdHiZqnn,1
krkVAH8xStt9gqfBqwVwrTYjzmtPDrwuKVk5LKPuchW,1
BSCv8rDmeaBCzDTLr3hdeWHXcfC3kG1QuYzEoRH5bSwa,1
4qSoc3jrv9uwmmViq4K9DETbJcuizWmShnopY9EyD9nZ,1
F6dfav2HipYKjDa594uVBG6hhkes5PrM3U2rDebbcPye,1
3EiEU8ScM2dYEY56bwngQa6GGrc4r64iL2WhxKWEyagF,1
BSSNZeVqZkWSPcHQoMizbooLqTYpg4ruMXXM5tv8nrLh,1
GjWPcMy1zvTYjDu3ejJMYdbK87ccPaQDUDxZC8TFWjmm,1
5NTcBpmkD6RTZNTG3jhNTfqbeU5BBq3bHVPo231G9jA1,1
419Sya5Nf5J137jem2RA8dNKg2VmyrzHecoEgnxkak69,1
HkNdWbw6znR6KucteUsiEjQHfiZmdfhyMGj1tFs6pJdY,1
AtUtJmztX1hGdS9AvELHBsgSb8DWhsWwxxQf8YBQ541h,1
GJ24SEwSJXHW69BCQC4USdPhk3m5QATMSHBPvtabpHAD,1
8KE9HjW7tEoErUKd71eiWtaCkF3QbiSzS8GYhTsPMd46,1
DrpXYJkgd9i9ZpCR3VBJwd4NAhhaAVsPRF9TMHcPm4TN,1
3gdFZU3ejGjrCYfUoJ343T3cSzt97daPpidUK4HvP8Rk,1
Xcw3MqjsfRerUzkNVjZi6ZdZChrjr8S2t8XVCUEZRzS,1
TKdDMMhzjuSQqa3gbcVhHCHw8T1cQaBMFgLJpTprSn5,1
12vT7vgPrcTNXQdSM8Zq7AXJkGafvoFdsryTQiyaWsKg,1
HovFhZz9Xc727QAofwH24273QvEjMqQeHiwLVYtVvqAC,1
6FcZfRsrFtAYgVinGkveZCcNdQJmJv9zexzKW9tYZPV6,1
9SMPwNS6DJGfYwHZbLZy9h8metrU3G6RVHCAQ1QkMsFd,1
326k8bjKSNWs9NbBb2pYpEa1a3RiNDUpzVGL2zihSyPM,1
2rAFJf5PSS4aJVJAzVVMKnUudr6nMeNVdcGutky52vBF,1
6jqNK4sj11rPiqW3jm8E38w5cW6CjPxiu4YbHrUVcLK8,1
G8n5focV2nhUrP1foB2cVFFJcrVmUFdaKJvo4bxKYj4w,1
CyduxqCDuxuw9sKLHxfVxnpTzQXR9M5bV5jji8VJFLrv,1
4F4cQLTyRCevb5fowBFgrf2XkbiHj6hoofeFGZcsNnQK,1
D5gMBa9jwpxsEUiuPuJRDnitMuWopqu54AmUwbxbNx4D,1
8J2TZMfAWqrtszMRzwqJsSDob73KsYhMw1eWBWiPQr7T,1
9H3FQ16mGrcferfQHQSNfc8mNrd9EUcvQUofdiRtWXTQ,1
8KMJqMaYzV3gzfikmKiRkqXDmN6Uskbrmb3fy6eYn713,1
3S21bXRBD6GtHG7mpGUAtzEW4WzSjC7LfKFScfTQhGKW,1
82c8GhDWnLcyG2RkPYiJVmZp7485SCuFf26Cra4m8nUs,1
8NpGE1BQArTkDM2YNvRXpZbVPwPZmcBLVzNExR61hcT2,1
2woyCg8bKUac8in9CchzRvr32AkvU27phzGJUEbJBTN5,1
5UmTRtRbtqQUA6TT93QCq6mZ7NeWH2sj4UToQmxWk3tE,1
7XXDwTMG7SbyhW7Vadd37MBuQivRuWn3XjD2z4ZC6JSg,1
CZKazvTsUSS2cNvy1NLAP8xJbGR4WCAPoRnkcNk9XZSt,1
H7YLYWyoSmjRHEdHeWDvf9CCijSkduonXscXRvsBxpU3,1
ERYroPYnJS5i1x73Lj1kjsPfSEYDUGLAKJs8SD8DTub6,1
73uY9KivcTmpCyLgKP4FLDanheQDnhpaVpEdgP4nrU7D,1
BobUp9uKt3LiPdZHx3VPnGxbgUyqCcpXj7nQiSiCLw5Z,1
HSnYjLbZwnWTDmdvAMVJmSKwEJa8ULgyUrTwHaRvALkZ,1
GzV91Ub9sN5M46CrsSWd6KfRvpTpasYJPzZ7zXEcZ7hQ,1
DNufHgK8BTjbNXKGvdxDQBHHB1Fh4sLCuFJedrGPDbBK,1
7N7staufbo99uJRuvjg3wur6sKZMbcuH7JNurNUGtFHE,1
Qv9B8oCUpfTgf5Rtab89t4XE5QGyvBXt2dobX9jytGK,1
Aoz8DxL9yZ9bMMtuD35E8we3h9nH6K9UoFeWwn8xJ3K8,1
36kvZSEq7nrVNoBMvtx7LgkLsCad6CjBDZXUocsBZQYW,1
GYawxaVSBReozkt5jbjz2Y8tY8jwmMNb3x2qTfxxbqJt,1
8aK4jS36HoQRmpzaTss1muVLhrkeXsvTDVhUjznRsujf,1
MRcce9qj3sbNy62Ayki8ZwegxZ5gj83Ya4Pkkh7vd3L,1
J6zpwKxAcRpewmg4yDtnkUonLwieAf2E1AwiGvaLAcJV,1
2YVU65gtvAQgUELoxf3gVxuB6RNQmPJ9bLLuepERoagj,1
7Dq89DooDrtBfPswQw9r8i2hbF9hWJ34SKNxuA2Bwi2D,1
5sKvnYF2pvwMFC5hJnjwuXjGWGsc3PdocPf1kq9vhSJH,1
81kinHWLwENY9qK1L7X4Wrdh7kgVrpZTUL8S9nHepbKC,1
4E6K8Bcvmdj9WsHzgmxtizD2BCTsqPJdQp83W918YZv3,1
FHEbtUTTbR2pY7aBvcUQGWxS3UjZeuyoS2cRjDffcwkE,1
8rbadxXSQQnvktuaJ3SDdKccoAQHyaRKATrrfNcSHnct,1
8yMRJEyVARnxKCEfVLiFjrCA5QBXoRCNAHCiobQN6k5D,1
GFsmt6DP56ABuSvmCKHjdz9KYrE9pcSukf3rXWHbxZNQ,1
BngqBff9akCAdaugPoUUb9cQkz3LGj14LwALqTkYuSAa,1
Gk5ZimnEp4xha88zcLbVgxWi7rhQeSdAA8JBHkXk7Nui,1
6itZFwyaCiZJfbTcs6fbN3UTsciE4r4x1gv68kdEWGDe,1
GyyMoudf62t3GYD9hQkzo4wHarGLov3BtFLeZEH8N2Mt,1
FLPnvG2rjRqngKbLgHZsdG2NEbtrbW75ZXEtpXFcshok,1
EqJjJzxwzPAodgMBBhgEoy8G1cpHFU92Lfk7VxE49PmT,1
26ZHthmAVtcKypvuTqRkyCJUEatx7NHbWqo1RZZGft5B,1
JAY7zNfDojrTVBkMbVVGVFGbrh8LJXu4mQ4mesmLJBJt,1
99yqoA8UG9rDAqZzRVpx8hu5WieESh1Ua16Pbp3m2EfR,1
2NN5VR5UVtRY7mAM18cnxcJ8qXwqWFxLrF2J5bJXBJoz,1
3F1wPD5QNDUVaiKDV8N84M5NsjuZaNXjLb2PSV5c11ga,1
BZtxLcYuzEZZ5gdxPTz5eSgAnsRBQ4MkF1Qx21rbiEGW,1
C2k2W9XDAtp3jvg5CaBS5wXEcdMvWysYWpDW9qUv9xuc,1
HvpmMmfnnDugALQFrTk67Yw1oK7gCLtRBei1SFMgh1oc,1
HWp9JBhQMvwfLtCxyVUUW9DyWHF9mymDEdvJ7xuJTTw9,1
C4mWif46FFosRGDDnCdTnDgQtxcxs5TwoHA9DGpdxA2L,1
G2wfsi9pwP3RwSXEfr4XL828iTScR1Be7nczVS8PB3tb,1
9iLtgvFXoD4JVhnmKe7SeT9vd2UrhApnriv4973QQPHL,1
ARemZv2NTyfq74oqki2aUA2MLkuUjKYjRJ1dxeGkoXAa,1
ZvVywWWV4t6VnpdvBBdnE7HsetUdR2uar5rR7zXi1Pp,1
AjzBCn2FocFUmWH21yjWUtBUL6LyQurmcugTAUMvNGCC,1
Fp9BrEPShpb8VqAYidTVxnvkmfXvpM5HS58DWPpMoeTZ,1
Gc5SJzYAcjYaGWvCxY1yev9J1cmKUtdZAY8DQ7k4aqey,1
AKb7HTTu6zCad6gnx9BJL1JCbv3YjxKh6pg6xr6thZKU,1
7Wq9ffKs7Do61mZguDQyekU73mQPAbqfFr4JQUWjM1LU,1
6L3qWDVAkdRT3G7reecL8sxxLthJKj522cwZtpW6e5RK,1
HAjxDVUn88cXf4W66KEzVJn7nCHT996iLrAonniuPJB9,1
mVRKcn2P2VGe8dTmd3XJGMCZB2XfQhA2fXMDZbs3mKN,1
Ebp6XjqQRZm4mtgNSQ6se9TLEZYmW1VhZBqfFV6rmkXh,1
EGvk2y6J6fa5wHYBAwpzpZ9V1Dyc5kUHqBJ4DBLRioS8,1
FtEm3GZfCG5Yec9xwZMuoWPRyQX9AuGSqmMExNXjb6Fa,1
YRSiY1tcV1ghoP7V4apxijJ55TtDGJG1mMriaw3UyG2,1
CGcqsd6TY1R4S4XUaLb17fXX5gxFUcXJYRZoNeZmii7P,1
BwfWJ1NxX5vBifv4bz7EoNMgQinMCbR33s9nPfnGVQdu,1
CKLTdNof22M964fWDGCoGEss7vdkasFVTaxBinsWHhrv,1
6vUyLhqSCWPGt75bvGS187KR22j53teax2SVXmkxjjkz,1
dS4BjPxd63ww2G6wopadk1nqxYbqW39gDRYK7VTKhZY,1
6RcFzR5JRyt8cyZzHggQ134RW6YGS99neiK2uuuvjA8z,1
DeyFnsgDferrujTrGZN1fVZz8C8dKWNnZeve7s38kMqR,1
DjEUVEbc86zc9KmtadcJPmndS2W63mYXksN8D6nAg44m,1
DsBvnEMz1KVhJqHA1ty7c3PfbFTKhY1S29Ygo3zWGkEN,1
G3SUiPrCEibEfyzp3dcuW9ecSHpNRENh6oZD3doL2wwA,1
J8xfrNEuaZvBY4A4JcDDQv3cKSAiXyx2SA4pxdB63wJ2,1
ApNQBtKi8cXmLyrHXp4aC1aC175JiqzAt2RoNRWh292x,1
BCVFVHWs5LBqCECMNp2EhstKfzvA2K3MNm65hYhD3jCe,1
5c6nx9TcTydqLftLpAPiz6nrHsY9hS41NDPe5w5jQzwD,1
AdWnw6y5FX3DqoGt1nPJTMmjU8mpQtRpPCfRd9kDKWwt,1
qAMqsPDC9f4GhZdjjVL6i61YpwLQXQAyh3JCSTMi8WC,1
GPCvAe8zakNxxqYZabC3BeA4fMgubiVfjqnA9H8zn4i6,1
CmF8f5hPhd4KnCfdJ8cbKs3C1JHvkRQYpPsjrkcikttB,1
5VZHc8QbBtoacJQuhszsPp9LSnAQrRRF9dqVcH1saEmx,1
BXKCL6ahuRx38yfSmLwWcsjXBypC3caGxA7NSWMeHSiv,1
CvQea1hmZM2pKW4R7LMaUxHjbsjp7MigsrZLpGQygoN7,1
6SccwMjULq6L26pBCHeA8SJBJHPG1YhNQhcdUr5HAtiN,1
DV24g3G2egYMYv5VQitgTZhKzzXPkZPCgyY4v45gygdP,1
ESin9xMFxhxYimomdk87Hd7KFT64oomayVS1XuBDXN2b,1
Gos3HuzZwHsfjSo5vESN1VBJisJShe2Xt63arzbewCH5,1
3jJ1xgopnt5ThBGG2ck5u6jbCsNhXK6VW3XHh7T8akgU,1
J5UDWnzT4nE4RoFbd6pTnLiAvdunB3KHZA4eMaNLVTdC,1
6jmRV4o1dcu2d43yJhTdx2d2RyPME2LXSGww63qU1HMx,1
BonC7UVs1JWqux2KWGRV2N3XjuZnSZKygGE5aYzBeQpj,1
4wjvuFtwPJhU4KLpvrVs6uhpJuHtQmYMCtKaSXF27M1p,1
85qmSmaXMJx2PbfpcTc3DhkeLPJ7n61tb7fZXqxTXuif,1
BSHw3eEuNgCgKuKov2Suci2ZBRuLRJtPZAuhZigR3xxA,1
HLEkCipgMxVvvGtFJ6JhYGWUpz3DeRG47nzGQRg2qtN6,1
4dqSeGAJrR3GN89TW5R618TMQKRytvkFSMbAPgdkEGKa,1
GQ64ratcPHB5UMuhyggBUWLxR43VtQxcxcaojxRWjB5k,1
8hnf2fB385pbjmA9jUXGPJXP9CDYSckq1jeVUgPD2uyt,1
ETsT8te4mwdDxccnseCmekk2EsFrrHtVjpSaJMkKz4qb,1
7XGkeJXw1qytxv2e5m4D2UfBP4hxshizaD8jZtrnYcVD,1
Db89iEyHo6oGh5tqcuVnVo9J5frh8oEqPN2AKrozsGgB,1
HDnmW1TbqUoT4GGV1uxQZAk8KntVXPyg1SqhFQbLaVhd,1
2f4Tg3bCNq27CSDe5ZkPP5GLrb3YnSworUnvm9smTSjr,1
FJ8kac6JtZHot1CVCj2JqqRy4DtJE1Usj16J5tqmoQdN,1
8KpF8xnXkFoG8Vrj8LK3BeUgnzjbdRVhYuSEHxULNJMt,1
844CGNof2eW4284UHFXhTtFUdmoZAZfdr7tpjaV35RTQ,1
AyAMF3jq6Sh8ggeTdnQTem1eiusAW8N1FHVHixxNFQ9a,1
BZvqce5nd6rY8bhghZYqieUjWZgqpJw3gxhHkJfub9Zk,1
5cCKPtdsbV8RSbAvD2cTaoyNAAmn6w2KQmzcAAqnWjfM,1
4QhUgwTqJR3AaUgvC2J1C7dtaDSFiy77E6x9n17nKJTn,1
EytkUxvg9Bj8EY2TReKbroyeceujamTZPpzFxbquPnRk,1
9v8LvudDvhDa8zYivQATEGcHhnAAZxAALGdjpfHuLcPr,1
Ambt78KXxwmRko2WtHXUS2mGkgcu3xouRdtUf7LxuxYi,1
CZXQy51q5mh8AnJQGGEyzA14BaUCDof96mQCLob1kQ3Z,1
6UBKU7Mad7V9BWpXHiU9tR9YaBKcwxCDFM9GBaNA5Xnr,1
72FhcxpFcpardTzKZRKueX78shHmkU8SzpKkryGkVEjy,1
H7gwnpSyt8axDEc1kYc6hUn24en6fhj66UzvnpYFZEPS,1
oort7MXX8vJnfWXHhWDj8mjiLU6q1PQvmdjjQLEQK5z,1
5zVH64PGLpe8tc6zRP2GWf2HzAzFX97G8hAK6UGDHU5N,1
Fx4CjuNimUhZD9dCazDjCussDqWqdneDMixMsC8AuDnG,1
4czmymJLWBoxqDRGnWG1vQzqvLD7iU4Bzo5J8iDqfpo2,1
AvqDHtm5h19xkuYaanCYpL3Dk5XY64EzYrVoaDLZ5LA4,1
CAhtB3iPCDRcbp7gqj1aC5tsSSMVv9pNZ59UGSLMz2Dq,1
EJ4svPo3b2JnaZW3hfaBHTjxa7rDpScrPUmhKKjm8hqJ,1
ChmsRhTmX4TFHwp5vu3LXLBHJM6DjydmE9A3YRNgW5Bi,1
B5MSHA3vndWKtyTctbXHSQJarGhzoEQ2shfQwedBpa7P,1
78Zi8rGcQqkSDWHrzDF3o8WpHFTQPfFB8tSQPatcQHHK,1
FLAEjSL7q1vtGXBVHGEA9GHG3xgnCawUfBNouZNj7Ycv,1
38QM5kHJV8uq4NNjkxiZBcBbLc8nX718whwwMhT7CWkx,1
AP1CagGrY9Ea8QWWorKa6MubZuEPFmd23NbiPdC6rQV1,1
GtheazP7XUj3bzuEKLseJtpZvx17zv5ETd7jT6EKYynn,1
67o3g6WqMBSbBSgygmjudZcLEuJFiE6v8HovD5x4P9jv,1
A67xcD5h2zWxwhGtGnqvWSjbfX7UJiMrJKvrCmsaQeuL,1
8vYSf8Xgf3LpNnKqiUyNYWbeSpGDEEGiTwWeg828sVFt,1
AxHb9LDeQ4pAHCb97hp13S5xeAeS4Fo7aZrxX4XHyYdW,1
32zkoFbVQWm4daLWSnPnLAvnoUGmuZvRNZENAD3CciTz,1
CcgTeqgraPHVLMJJuF7srZmXvho6EacqxRSQdfYzt1W4,1
55fWUsDiCb1v48BjLVueXdFr4NExREFSKAWDwX57tLUB,1
7fVctTE3nSxdtvwjrQGRfkEiBEJ9Ng1gmuPLWsEDVreS,1
EQAvoMZcTsJpAoyCHHqgizqtnRUzotvR5oZiC6y4V3wr,1
APmjusrcztG8Dwf1EyaxCsJ1ZBvMoR6gByXTRX8fGQP,1
AJtX2byaD68tUNahrKfmrNywPXKsZHTWkUbRsPQPgrQi,1
8NbrFMj3Pjszes1fznex5wyiVL2FKd1jCdsK7squkiF2,1
CbjkFwSXxdm8Hi6Gay21WxmT6a1USLrK8dWHcAFqJCqb,1
FkViiThRwGdwd7RQFyUY4RkV8FqA4enMDsD4X3Hkg6Hb,1
CqRucvuMGvCaxLWCLDbEZxPx4T6jsjVqrTeyUqYL7nPQ,1
HBChsUdS8ndJoHQ48TsfzGUQKDyBNuXTYcCytJ2Vd51A,1
DHTfcNXartKvmWYE3ScqwqYFArakk6o6SU8JvAU1rPih,1
AehjWgXBWy8LDjoFuBviX9JsYG5ZpoELuHyByct22Vy8,1
2fGVkeNtktggQNCu1nNetFvwanQ4hkyERXtrPXxKmN55,1
Az5ygvyovc9Jnwj523S2qGUUth2ta2nbN1m9Ps3riSV2,1
E8RxrSdqRyw2xUPeTPJszxoU29V31139RL36deALJCCE,1
BzdmMLM9So5p6Z7HnTmpi2w5Qawp1gZJ2A41zWFkw1FU,1
28jtJFT1J62WzeUT9wH2vr5nD6copguzdExZE3B6tQ9F,1
8nuYnim9zYMoxTBngShMG6iDd8yferxsrCu9CwqppV4N,1
7o69juLgR9nHKAi1greMntqUZxjVe6ESmFWNDuvPXKuk,1
FrRbB1rnRwCtVLafaMY6Fhs67c8Nag4gnAX69anTd7y2,1
6LVnYxzG5uyqLZXkN2t5LBHBSPAJEuLx9E16YgREhKUN,1
3GgSm124wNF1Wia7LJcY9D2bPWZj3LwFGPbmQSJsaPCr,1
Erf5aCc8CwMAyNQZBVTN8JQf3JWNosF8ozRkQQfuJCuF,1
9YYPVrStEmsUFXxKtk3rJygH6wNq9kwGdqB3BNwewT49,1
DUJcjyhuugBFUfqf1R5h3VRseYiDFTg61kcJVN7MfpvA,1
YGLRczNvRSWK8nHEgeLQV7hqWKYRyzM5uyQek1qWW9x,1
2d5yRCzm4mph2NTSxKKdoz8CSwxUberCG9d9fWc7VRAa,1
DU7ocsKd887N3QoBkgvv9E2sbT88P1K1sKMvvdqWj792,1
A59Br4E7Eu2LHEyGhTSJgNJ9dZy8biepWcNfMLp7Ae6E,1
Cb4Je8jM5LYDS96Sr1vPxf9oVmdpBNLFgEFQFyZirbnN,1
2f8QRkuR3EJoABPyGuXZhnjep6Z4SoJovMB9NsekWsc5,1
FqvivetxHvQdHDnnM8ELDdoLbJBqSDUtfhbGxNiMQdVu,1
AzFyKctG2cwA4CMMy56RNDK3JgFkhxGyEhon5iJBzDBc,1
4RjFpGHpXGpJbwTY9ctkp8pcbuA4njmvhSTrGe92yt2d,1
4XVWcWx76sGrrG6sPF6ss3DvEMcDdtdtpY44URPycUbX,1
4bYEdm4qq6jNkzqTzeF6CJCSgyi3QwdrpYogNeNxn4jK,1
8RTDLJ2TGbuKdfXjtMc67uoaApxwE4FTkaibd7XYyXzE,1
FWvg6MEUfHutPpnbgrQdGi3vgUTzsAxoA1Nt2pazJFPk,1
G4fDvPGCj9v9Grcf71kAvCkpV8CvsjfoEwvgaWDhrZz8,1
AR7HU69d7JKm24gGjjkjjqbZu2Tq3gNwZpBZJDG1GVG4,1
CDhpg77rQfBsn3kLi774esZ472TGW5KgL9oFJMUc6sb8,1
71m5jpAEcH3PKgX255JsQPxukHn8PrEL9MMyys6zGswk,1
FH8XkQ3jhjuT4DSuaXbXEUc1RjtpscNWgXYm1wV8RYK3,1
Hkoiy5GjRkF7e78absHvWx7wwqSh2aGoAGPpY1Rbzoq8,1
9vFa6qzMRKJUeMPYupUCbJHpwqLwNC4zH9sa7r1SjjuX,1
3a2C1Vg1tNP78QsEckBpDPT9bK1XqGwnQpizNy61LE4y,1
99DMQU1C8sjG3cmWjbMRnE3Y1RFit7VsLZnWrLCugnhB,1
GEQcNqM7Pz4pXs9ZX8Fkib9BaaY15X9xWRpRMhFzApU,1
72zxE1PTZdS7s6uAAeGikCFR4JjM5HG7WgJKesbeRgSY,1
4sWZFLgHhc9nsFrVijVp5oZQx8Tx5G42Yu1aGZznoTLj,1
AEJkk4Lk3C38AGhmezSYrDBd6EafheFgphE7ZAyV954k,1
4xtUsKpXXd3ag7oHRKk8WdYYQ8jr5KpK4p9FzZVfkifX,1
9owwmAM7iBzGqzmBkhFo7ULUQmSGanCFom4Aiac4v4Wt,1
FLahFxARsae7hhR7TF7sZSo8N3jmu86XaQXdgRsJBFCo,1
B8q8hQjSKCu3idW2tPyjc5C1KR3xMPUtpcPpeX6bCE19,1
EgjnGYZ9dqNQVyxRmtjXi46jQsm3yhiW6eaXN99QuKtz,1
FvTgBqpzn3PD58ESWNrGzjy88xxmvAZSaNj3LFsKSCAd,1
F7dtQY1aXbkEAXMzD6Rty3qw5wWhT9aEhVUUJ7CkbSCh,1
4J51cRBomeWkk8oSyvECpDMBkMvazuRWgaYyDUbyasZs,1
A9K2ejfu6JrEHTPQ3QMbUKHVE3FWLFSnA8k759CvVDZJ,1
8zVrqKbBci6a4d6F1nXQ2ys6mu3XiKu8ftvNwMjuq42r,1
8ZNEgir1rLKnaCLgPeqrzrKTm64TQ4HuoQegjPQQxhze,1
EqN3xrDXmmag6sGovyAPobBxMN89VhUFrW61jUeZG2VN,1
FZuis6WuACnRadBRB9JUpNgmNbdBvNK7ccWZjWMfr3NU,1
CGNhgNHXgxDBBgeXFY4kF3GGT7xDNexe2JhpNLDaJYzG,1
AoQGQ7TVZRiPk8yJc1cssBKbmwA7AUVyQsMcLuPTxAkQ,1
FuN8CfaKcCK5QtBB2KsFM1ZWixbsV5w6GyqeA41EMBeR,1
CoVJEd2ckE1BYYy2sTi7gGSJmQmKJ3ZPBU9WqoY6jZJi,1
BdBMHQWS2yVTj3zpKEh6fHWsbTqoFjqsZTDXxQoKZrnF,1
A5gBvmdnC6t67jufKn7LnkqJS2hnmMPu9KBegQxKc6g7,1
GUpfwfBq2xarfox3SerjGnzpX5CuHVvGLpGKxuCMKQSK,1
BDxNCAWne6XyBR6Cqc12WwJQuA4PF6WPcotHHz8zvmhC,1
Dqyy2pfGBfyCHcf32eUBiX1Lffev1tnrzu6DZpgs3tiB,1
Ey6rco9gEt8zCd1tVTnn3tUokZLZTgVFQSEwm2Hjrccs,1
HG6Ad25mqzA9uV8QguLGb6CwkWC466PsSXkWc1V4Rktb,1
H8dgmNMSTwxYyo9kwTkcjBZr9ihnGyACSyX7P3WEKCEB,1
GuxCJfL75qCU8q2uewveDfmp5T679kdiBZjWxGWAY58C,1
4C1eYc3LxGgvvCEXKVJVNuaejtm8PGuLsscyVPxyM7WS,1
8MuN1UrmcTZMzFuBaJFJ888Dow3kuwp1Uo55WL977kBp,1
4DmQLDqEW8QN1bzznMqoqQKieFXBPzVAcm4E92H6NSRB,1
5kfsMZL3LsMFRX5xLjv1A1vbLi6herMP1xcK4aAzLCNH,1
CfKEFGDWYvbBDJHHgujnZcm1zptC11QL6WFGkd5tiorz,1
FMe2tY8NXarjgzd6UmpWtPVcYSM1jgFt8B8syh5Fw5JG,1
EvHnKX8jza5P6hW68Ux39qWzE5SDyKiiLHQCnxjKN4RD,1
H4fqNqWSMg3zpNaswzQJ93Mm8gTA7fyyu4U4U7rBdChj,1
8JNfrxoyJDinXGNCkYPPU5hfT4Ays8eRBT97dekDc4XG,1
2aAz4dkaBKnDARfoQfjhtgemtUsBNFd7WS6S7spATUrG,1
9Mpz67Se58qYXkQUr4wPcCNzmHZLFnb3NBoXSWHRvjc2,1
4kUX4bDX4yAKGC4H14uCQsjM89TPnxN76b233TaxfZ1i,1
D6NDstD2S9ixczQv9AtFGkF4oQUaJu1iSubUbRQ1kqGo,1
GMApB1SiTRddHkxu54Q7E6pvjxJ1dM1yrzJCYAMYNBoW,1
4PdusnSySor3a3vbBGCYd4trLumRTTqPbYSsthukHZXi,1
9KqYh4okeTcRee49ctAwL6oEA8YFwPaKwipKgAGd9bdM,1
Gy5v9aokyQWd6JKgoncJfUWHqK3Vc5xCaZ9DRMzBZfqD,1
GpmzPrytXAWMcHo74b6K9UP8QuBQrUqk41cFKRm7dcF6,1
9Yu24AwiTko2ii4x78i4PRSYu2xsuKgk4FAz5qQSAU7u,1
BQcJSkkJFs8af4DFuVzvps66cTASq5seZ2HpMQXzx8ir,1
FH81V5vRXUouA5gi2wiYvWrB2faB9hXpeLH7kg1kmPmx,1
7vDWNa59MNi8qaGfXXPVAy5oa9MoKmVjnDrWUs7ZuNQ1,1
CwP4aWg9WZMfPxqKjVfv5PfhRzAdG5xndXYXZo2m9JZB,1
7jf8BehpuBrFqHeaJqh9u3ZvVs7kAFRZcwNSr4LRuFos,1
9PNRAXhiXNC6b5xhj3etSd7Xp1aF3cP1iKGnyrhPzt44,1
8eUtFRvo5ECJx8KL88DALze3Tanj8h3Cvfira2nGxCHh,1
9Gxa5nnpugzBh1D4A5aA1htmbKgGecXXGb7NVsShaNVK,1
12YnzzpNaCfi6uA4nWQA73prMaP5WeZuf5Nc7RTz83LJ,1
FunE84BqYUn8XjELWb3EuHhquLMasfo8Urm976muaWx2,1
7bRTeLUkiG5rKzWmqdtfNf2UfN5SmMDXoReniBC9gKkf,1
HXNEAC9cXjAaUPQqqG5UwbDtYfdkBNrekWEvb5WLqzma,1
8KzMwhud3FhXRYYuwEbRKBSvgPbBVJE1jmxxK3PnaTtx,1
3HMr2qPZwjBAz9gmzr9ALjLXnkjTayARN8UaUzcZDXMS,1
313PtLYWXuUnmVJj1ptQ28ni8CgjqEmit4TX79DuWSEJ,1
2Z22vrbcRVdkg6UQJ2aQxNF3xt38VnvYGdEziPxURV7f,1
3tLQDFurDUSAuRxyKtHfySPBkwfdhhJp93baNWRzSgZc,1
GEJ3zU94dgUcrac9QQF7qfF1w62toYhXYDKKCES8pXuH,1
FrX7U13xTBqEyYRAqiwMsswL2KUPohXdxYFjqi5BGAT5,1
C4h397W7phM6vTEBnz22W7zJ5Mwp1mD8EGCdy2wY3CFX,1
Ctv1DVyfUP6S3cdayMsijcFDLok2jUcx9zeqRCstg9JY,1
4iXYZBFHRSj6edYzYH3wyzwVTukV4wjzvhn6Pjs4JbNm,1
8cejXDLDk5s5ttPUWsWgGoKoJLAChnCYhmtcofrYSA5t,1
DxMjNth3Z3zBJyjPf8RPmahBpo2sfhAfEN2VMUqRNxqa,1
DXw1YySFVCF4JpLmRTc6ptWmbadBkG1CAUgrgiYR4VAt,1
8Xc27fjvBXq6zMQVM5riQSWZFFEbsLqqmoUg9GFMeufy,1
monf3Q8dwnu8Xx16sYNvn3AsezhmTWYZBrkC9sLZP8o,1
wKavmf8dApHnjsGYzBzHsSEotovUrn1GugyN9yfhdyW,1
DMYmZVvPwxdQJbT9kSgQSyrXzqB5s54nSAYHtUqFUvnT,1
J32jxN1jbc8ypK6tCBH7onS1dw4gQgRAjhmABkVjd9NX,1
6XScQy88Aep5GBuvnhHjPRss15kgPD8CX8QNn6fSQiD6,1
CaQytsmKXsmiEvjRdx4JiBK5fcS6iEoUjYnAmWHXQcYK,1
Cngze9zz4nRuzDcCahEprRdtTvH7mFG3fb1Ys8bU4H5v,1
EEv37hosmBK4zntdhWtyhqN3UFc9MkeWyb6WgCMMe9VD,1
59DCgxErmBeAH5XFXx7g2uWsmXXegFNuRZG48EfRPrMW,1
